timestamp,name,condition,price,url
2026-06-16 01:05:51,Intel Core i5-6500 3.2GHz Επεξεργαστής 4 Πυρήνων για Socket 1151 Tray,Ελάχιστα χρησιμοποιημένο,35.0,https://www.skroutz.gr/skoop/ny6cVLhgs7/intel-core-i5-6500-3-2ghz-epexergastis-4-pyrinon-gia-socket-1151-tray
2026-06-16 01:05:51,Intel core i5-3570Κ,Ελάχιστα χρησιμοποιημένο,30.0,https://www.skroutz.gr/skoop/lEedb7TYY9/intel-core-i5-3570k
2026-06-16 01:05:51,AMD Ryzen 9 9950X 4.3GHz Επεξεργαστής 16 Πυρήνων για Socket AM5 σε Κουτί,Καινούριο,360.0,https://www.skroutz.gr/skoop/M4iFEXxlFx/amd-ryzen-9-9950x-4-3ghz-epexergastis-16-pyrinon-gia-socket-am5-se-kouti
2026-06-16 01:05:51,Intel Core i7-8700 3.2GHz Επεξεργαστής 6 Πυρήνων για Socket 1151 rev 2,Ελάχιστα χρησιμοποιημένο,130.01,https://www.skroutz.gr/skoop/X1wRzufVch/intel-core-i7-8700-3-2ghz-epexergastis-6-pyrinon-gia-socket-1151-rev-2
2026-06-16 01:05:51,Intel Core i7-9700 3GHz Επεξεργαστής 8 Πυρήνων για Socket 1151 rev 2 Tray,Ελάχιστα χρησιμοποιημένο,170.01,https://www.skroutz.gr/skoop/MDFsz34Ach/intel-core-i7-9700-3ghz-epexergastis-8-pyrinon-gia-socket-1151-rev-2-tray
2026-06-16 01:05:51,Intel Core i3-10100F 3.6GHz Επεξεργαστής 4 Πυρήνων για Socket 1200 Tray,Μεταχειρισμένο,59.0,https://www.skroutz.gr/skoop/RVpTq72P8g/intel-core-i3-10100f-3-6ghz-epexergastis-4-pyrinon-gia-socket-1200-tray
2026-06-16 01:05:51,Intel Core i9-14900KF 2.4GHz Επεξεργαστής 24 Πυρήνων για Socket 1700 σε Κουτί,Ελάχιστα χρησιμοποιημένο,380.0,https://www.skroutz.gr/skoop/zZDQ2IgELl/intel-core-i9-14900kf-2-4ghz-epexergastis-24-pyrinon-gia-socket-1700-se-kouti
2026-06-16 01:05:51,AMD Ryzen 3 4100 3.8GHz Επεξεργαστής 4 Πυρήνων για Socket AM4 σε Κουτί με Ψύκτρα,Ελάχιστα χρησιμοποιημένο,38.0,https://www.skroutz.gr/skoop/qixj4BWvvh/amd-ryzen-3-4100-3-8ghz-epexergastis-4-pyrinon-gia-socket-am4-se-kouti-me-psyktra
2026-06-16 01:05:51,Intel Core i7-2600K Tray,Μεταχειρισμένο,40.0,https://www.skroutz.gr/skoop/5iBQGqGHHn/intel-core-i7-2600k-tray
2026-06-16 01:05:51,Intel Core i9-14900K 2.4GHz Επεξεργαστής 24 Πυρήνων για Socket 1700 σε Κουτί,Καινούριο,395.0,https://www.skroutz.gr/skoop/hc0077koIn/intel-core-i9-14900k-2-4ghz-epexergastis-24-pyrinon-gia-socket-1700-se-kouti
2026-06-16 01:05:51,AMD Ryzen 3 3200G 3.6GHz Επεξεργαστής 4 Πυρήνων για Socket AM4 σε Tray με Ψύκτρα,Μεταχειρισμένο,38.0,https://www.skroutz.gr/skoop/hhxWToBvzY/amd-ryzen-3-3200g-3-6ghz-epexergastis-4-pyrinon-gia-socket-am4-se-tray-me-psyktra
2026-06-16 01:05:51,επεξεργαστής Intel Core i3-9100,Μεταχειρισμένο,20.0,https://www.skroutz.gr/skoop/V0MvPcpyG3/epexergastis-intel-core-i3-9100
2026-06-16 01:05:51,επεξεργαστής Intel Core i3-8100,Μεταχειρισμένο,20.0,https://www.skroutz.gr/skoop/4oRnqPijc2/epexergastis-intel-core-i3-8100
2026-06-16 01:05:51,Intel Pentium Dual Core G6405 4.1GHz Επεξεργαστής 2 Πυρήνων για Socket 1200 σε Κουτί με Ψύκτρα,Καινούριο,50.0,https://www.skroutz.gr/skoop/erwKFieVfP/intel-pentium-dual-core-g6405-4-1ghz-epexergastis-2-pyrinon-gia-socket-1200-se-kouti-me-psyktra
2026-06-16 01:05:51,Intel Core i5-11600 2.8GHz Επεξεργαστής 6 Πυρήνων για Socket 1200 σε Κουτί με Ψύκτρα,Ελάχιστα χρησιμοποιημένο,110.0,https://www.skroutz.gr/skoop/mbCxB7mEVv/intel-core-i5-11600-2-8ghz-epexergastis-6-pyrinon-gia-socket-1200-se-kouti-me-psyktra
2026-06-16 01:05:51,AMD Ryzen 5 7600X 4.7GHz Επεξεργαστής 6 Πυρήνων για Socket AM5 σε Κουτί,Μεταχειρισμένο,100.0,https://www.skroutz.gr/skoop/eHbgGlGE2w/amd-ryzen-5-7600x-4-7ghz-epexergastis-6-pyrinon-gia-socket-am5-se-kouti
2026-06-16 01:05:51,AMD Ryzen 5-2500X Tray,Μεταχειρισμένο,39.0,https://www.skroutz.gr/skoop/gQ0OO3bizz/amd-ryzen-5-2500x-tray
2026-06-16 01:05:51,AMD Ryzen 5 3600 (Wraith Stealth Edition) 3.6GHz Επεξεργαστής 6 Πυρήνων για Socket AM4 σε Κουτί με Ψύκτρα,Μεταχειρισμένο,85.0,https://www.skroutz.gr/skoop/4ZR6Vp6EyV/amd-ryzen-5-3600-wraith-stealth-edition-3-6ghz-epexergastis-6-pyrinon-gia-socket-am4-se-kouti-me-psyktra
2026-06-16 01:05:51,Intel Core i5-9500T 2.2GHz Επεξεργαστής 6 Πυρήνων για Socket 1151 Tray,Μεταχειρισμένο,85.0,https://www.skroutz.gr/skoop/WtnBVyLUuL/intel-core-i5-9500t-2-2ghz-epexergastis-6-pyrinon-gia-socket-1151-tray
2026-06-16 01:05:51,Intel Core i3-7100 Tray,Μεταχειρισμένο,17.0,https://www.skroutz.gr/skoop/kPOKw9arWh/intel-core-i3-7100-tray
2026-06-16 01:05:51,Intel Ultra 7 270K Plus 3.2GHz Επεξεργαστής 24 Πυρήνων για Socket 1851 σε Κουτί,Καινούριο,290.0,https://www.skroutz.gr/skoop/QXdW13jlRQ/intel-ultra-7-270k-plus-3-2ghz-epexergastis-24-pyrinon-gia-socket-1851-se-kouti
2026-06-16 01:05:51,Intel Core i5-9500 3GHz Processor 6 Cores For Socket 1151 Tray,Μεταχειρισμένο,120.0,https://www.skroutz.gr/skoop/PHHKPcpkKG/intel-core-i5-9500-3ghz-processor-6-cores-for-socket-1151-tray
2026-06-16 01:05:51,Intel Core i7-4770 Tray,Μεταχειρισμένο,50.0,https://www.skroutz.gr/skoop/JXyegnEzT8/intel-core-i7-4770-tray
2026-06-16 01:05:51,Intel Core i7-6700 Tray,Μεταχειρισμένο,65.0,https://www.skroutz.gr/skoop/nJCABIAAdq/intel-core-i7-6700-tray
2026-06-16 01:05:51,Intel Core i5-6400 Tray,Μεταχειρισμένο,17.0,https://www.skroutz.gr/skoop/LhQt11XBny/intel-core-i5-6400-tray
2026-06-16 01:05:51,Intel Core i5-8400 Tray,Μεταχειρισμένο,30.0,https://www.skroutz.gr/skoop/quUrYaE5Li/intel-core-i5-8400-tray
2026-06-16 01:05:51,Intel i3-4130 (3.4 GHz) 54W (2c/4t),Μεταχειρισμένο,10.0,https://www.skroutz.gr/skoop/bdQDAbqBKS/intel-i3-4130-3-4-ghz-54w-2c-4t
2026-06-16 01:05:51,Intel i5-3570K (3.4-3.8GHz) 77W (4c/4t) socket 1155,Μεταχειρισμένο,18.0,https://www.skroutz.gr/skoop/GkXcmwnvqR/intel-i5-3570k-3-4-3-8ghz-77w-4c-4t-socket-1155
2026-06-16 01:05:51,Intel i3-9100F (3.6-4.2GHz) 65W (4c/4t),Μεταχειρισμένο,19.0,https://www.skroutz.gr/skoop/bkyduKZ6Fo/intel-i3-9100f-3-6-4-2ghz-65w-4c-4t
2026-06-16 01:05:51,Intel Core i5-9400F 2.9GHz Επεξεργαστής 6 Πυρήνων για Socket 1151 rev 2 σε Κουτί με Ψύκτρα,Μεταχειρισμένο,40.0,https://www.skroutz.gr/skoop/5PboimH1E9/intel-core-i5-9400f-2-9ghz-epexergastis-6-pyrinon-gia-socket-1151-rev-2-se-kouti-me-psyktra
2026-06-16 01:05:51,ASUS Prime Z370-A + i7-8700K + Δώρο CPU Cooler,Μεταχειρισμένο,180.0,https://www.skroutz.gr/skoop/QIIYoSSGSW/asus-prime-z370-a-i7-8700k-doro-cpu-cooler
2026-06-16 01:05:51,Intel Core i7-3770K Tray,Μεταχειρισμένο,75.0,https://www.skroutz.gr/skoop/B6sARdKyay/intel-core-i7-3770k-tray
2026-06-16 01:05:51,Intel Core i7-3770 Tray,Μεταχειρισμένο,65.0,https://www.skroutz.gr/skoop/o0GEBH74iG/intel-core-i7-3770-tray
2026-06-16 01:05:51,Intel Core i7-7700K Tray,Μεταχειρισμένο,120.0,https://www.skroutz.gr/skoop/a6exYHRw6L/intel-core-i7-7700k-tray
2026-06-16 01:05:51,Intel Core i7-7700 3.6GHz Επεξεργαστής 4 Πυρήνων για Socket 1151 Tray,Μεταχειρισμένο,110.0,https://www.skroutz.gr/skoop/imuM9S4Qzl/intel-core-i7-7700-3-6ghz-epexergastis-4-pyrinon-gia-socket-1151-tray
2026-06-16 01:05:51,AMD Ryzen 5 Ryzen 5 3600XT 3.8GHz Επεξεργαστής 6 Πυρήνων για Socket AM4 σε Κουτί με Ψύκτρα,Μεταχειρισμένο,115.0,https://www.skroutz.gr/skoop/CK20uRzuyX/amd-ryzen-5-ryzen-5-3600xt-3-8ghz-epexergastis-6-pyrinon-gia-socket-am4-se-kouti-me-psyktra
2026-06-16 01:05:51,Retro Πακέτο 3x Intel Core 2 Quad (2x Q9400 & 1x Q8300) + Ψύκτρα (Socket 775),Μεταχειρισμένο,36.0,https://www.skroutz.gr/skoop/h7bo5QYBfS/retro-paketo-3x-intel-core-2-quad-2x-q9400-1x-q8300-psyktra-socket-775
2026-06-16 01:05:51,Intel Core i3-9100F 3.6GHz Επεξεργαστής 4 Πυρήνων για Socket 1151 rev 2 Tray,Μεταχειρισμένο,25.0,https://www.skroutz.gr/skoop/hpVHB4dKKt/intel-core-i3-9100f-3-6ghz-epexergastis-4-pyrinon-gia-socket-1151-rev-2-tray
2026-06-16 01:05:51,Intel Core i5-6400 Tray,Μεταχειρισμένο,26.0,https://www.skroutz.gr/skoop/nse0Cd8ya4/intel-core-i5-6400-tray
2026-06-16 01:05:51,"AMD A10-6700 (Quad-Core, Socket FM2, με Ενσωματωμένα Γραφικά)",Μεταχειρισμένο,15.0,https://www.skroutz.gr/skoop/XuCPYM6HtA/amd-a10-6700-quad-core-socket-fm2-me-ensomatomena-grafika
2026-06-16 01:05:51,"AMD FX-6300 (6-Core, Socket AM3+)",Μεταχειρισμένο,15.0,https://www.skroutz.gr/skoop/hLYBESe5S2/amd-fx-6300-6-core-socket-am3
2026-06-16 01:05:51,AMD Ryzen 5 7600 3.8GHz Επεξεργαστής 6 Πυρήνων για Socket AM5 σε Κουτί με Ψύκτρα,Μεταχειρισμένο,120.0,https://www.skroutz.gr/skoop/7v09ksZVp1/amd-ryzen-5-7600-3-8ghz-epexergastis-6-pyrinon-gia-socket-am5-se-kouti-me-psyktra
2026-06-16 01:05:51,AMD Ryzen 7 5700G 3.8GHz Επεξεργαστής 8 Πυρήνων για Socket AM4 Tray,Μεταχειρισμένο,140.0,https://www.skroutz.gr/skoop/gxQHP4gokQ/amd-ryzen-7-5700g-3-8ghz-epexergastis-8-pyrinon-gia-socket-am4-tray
2026-06-16 01:05:51,Intel Pentium G2020 Tray,Ελάχιστα χρησιμοποιημένο,10.0,https://www.skroutz.gr/skoop/8LUBMY0HVI/intel-pentium-g2020-tray
2026-06-16 01:05:51,Intel Core i5-13400F 1.8GHz Επεξεργαστής 10 Πυρήνων για Socket 1700 Tray,Ελάχιστα χρησιμοποιημένο,160.0,https://www.skroutz.gr/skoop/Q9oH04DlLe/intel-core-i5-13400f-1-8ghz-epexergastis-10-pyrinon-gia-socket-1700-tray
2026-06-16 01:05:51,Intel Core i3-8100 (LGA 1151) μαζί με την εργοστασιακή ψύκτρα Intel,Μεταχειρισμένο,35.0,https://www.skroutz.gr/skoop/xY1LnZ1HiF/intel-core-i3-8100-lga-1151-mazi-me-tin-ergostasiaki-psyktra-intel
2026-06-16 01:05:51,Intel Core i7-5960X Extreme Edition | Το Θρυλικό 8-Core/16-Thread Θηρίο (LGA 2011-v3),Μεταχειρισμένο,49.0,https://www.skroutz.gr/skoop/ldIsJKaQik/intel-core-i7-5960x-extreme-edition-to-thryliko-8-core-16-thread-thirio-lga-2011-v3
2026-06-16 01:05:51,Intel Core i5-9400F 2.9GHz Επεξεργαστής 6 Πυρήνων για Socket 1151 rev 2 Tray,Μεταχειρισμένο,35.0,https://www.skroutz.gr/skoop/5vIIUvm0zr/intel-core-i5-9400f-2-9ghz-epexergastis-6-pyrinon-gia-socket-1151-rev-2-tray
2026-06-16 01:05:51,AMD Ryzen 9 7900X 4.7GHz Επεξεργαστής 12 Πυρήνων για Socket AM5 σε Κουτί,Καινούριο,260.0,https://www.skroutz.gr/skoop/9P61S4VWoi/amd-ryzen-9-7900x-4-7ghz-epexergastis-12-pyrinon-gia-socket-am5-se-kouti
2026-06-16 01:05:51,AMD Ryzen 7 4.7GHz Επεξεργαστής 8 Πυρήνων για Socket AM5 σε Κουτί,Καινούριο,390.0,https://www.skroutz.gr/skoop/daxkM5Cp6i/amd-ryzen-7-4-7ghz-epexergastis-8-pyrinon-gia-socket-am5-se-kouti
2026-06-16 01:05:51,AMD FX 6300 3.5GHz Επεξεργαστής 6 Πυρήνων για Socket AM3+ Tray,Ελάχιστα χρησιμοποιημένο,20.0,https://www.skroutz.gr/skoop/RwhllX917z/amd-fx-6300-3-5ghz-epexergastis-6-pyrinon-gia-socket-am3-tray
2026-06-16 01:05:51,AMD Ryzen 3 1200 3.1GHz Επεξεργαστής 4 Πυρήνων για Socket AM4 σε Κουτί με Ψύκτρα,Μεταχειρισμένο,22.0,https://www.skroutz.gr/skoop/1YiiZctbS9/amd-ryzen-3-1200-3-1ghz-epexergastis-4-pyrinon-gia-socket-am4-se-kouti-me-psyktra
2026-06-16 01:05:51,AMD Ryzen 7 2700X 3.7GHz Επεξεργαστής 8 Πυρήνων για Socket AM4 σε Κουτί με Ψύκτρα,Μεταχειρισμένο,65.0,https://www.skroutz.gr/skoop/oXR3JU8bE2/amd-ryzen-7-2700x-3-7ghz-epexergastis-8-pyrinon-gia-socket-am4-se-kouti-me-psyktra
2026-06-16 01:05:51,Intel Core 2 Duo T6400,Μεταχειρισμένο,15.0,https://www.skroutz.gr/skoop/0eYltU5Z2k/intel-core-2-duo-t6400
2026-06-16 01:05:51,AMD Ryzen 5 1600 3.2GHz Επεξεργαστής 6 Πυρήνων για Socket AM4 σε Κουτί με Ψύκτρα,Μεταχειρισμένο,27.0,https://www.skroutz.gr/skoop/dKIOUfAZCA/amd-ryzen-5-1600-3-2ghz-epexergastis-6-pyrinon-gia-socket-am4-se-kouti-me-psyktra
2026-06-16 01:05:51,Intel Core i7-14700K 2.5GHz Επεξεργαστής 20 Πυρήνων για Socket 1700 σε Κουτί,Καινούριο,330.0,https://www.skroutz.gr/skoop/obh97ZJGwC/intel-core-i7-14700k-2-5ghz-epexergastis-20-pyrinon-gia-socket-1700-se-kouti
2026-06-16 01:05:51,Ηλεκτροκίνητο Αυτοκίνητο Mercedes GTR AMG Licensed original με MP3 και τηλεχειριστήριο,Καινούριο,90.0,https://www.skroutz.gr/skoop/3pEc9rhRjv/ilektrokinito-aytokinito-mercedes-gtr-amg-licensed-original-me-mp3-kai-tilecheiristirio
2026-06-16 01:05:51,Intel Core i3-4170 3.7GHz Επεξεργαστής 2 Πυρήνων για Socket 1150 σε Κουτί,Μεταχειρισμένο,25.0,https://www.skroutz.gr/skoop/j1LdlLQq4c/intel-core-i3-4170-3-7ghz-epexergastis-2-pyrinon-gia-socket-1150-se-kouti
2026-06-16 01:05:51,Intel Core i5-2400 Tray,Μεταχειρισμένο,11.0,https://www.skroutz.gr/skoop/Tsz0OFGAeB/intel-core-i5-2400-tray
2026-06-16 01:05:51,Intel Xeon W3565 Box,Μεταχειρισμένο,16.0,https://www.skroutz.gr/skoop/EUPI26JgGv/intel-xeon-w3565-box
2026-06-16 01:05:51,AMD Ryzen 7 9800X3D 4.7GHz Επεξεργαστής 8 Πυρήνων για Socket AM5 σε Κουτί,Καινούριο,380.0,https://www.skroutz.gr/skoop/zmnE85to9B/amd-ryzen-7-9800x3d-4-7ghz-epexergastis-8-pyrinon-gia-socket-am5-se-kouti
2026-06-16 01:05:51,Intel Pentium G2020 με ψύκτρα,Μεταχειρισμένο,11.0,https://www.skroutz.gr/skoop/ZGxLtFMxkM/intel-pentium-g2020-me-psyktra
2026-06-16 01:05:51,AMD Ryzen 5 2600X Tray,Ελάχιστα χρησιμοποιημένο,43.0,https://www.skroutz.gr/skoop/XDKsvsOWRS/amd-ryzen-5-2600x-tray
2026-06-16 01:05:51,AMD Ryzen 5 2600 3.4GHz Επεξεργαστής 6 Πυρήνων για Socket AM4 σε Κουτί με Ψύκτρα,Ελάχιστα χρησιμοποιημένο,45.0,https://www.skroutz.gr/skoop/A4CK8XVt7c/amd-ryzen-5-2600-3-4ghz-epexergastis-6-pyrinon-gia-socket-am4-se-kouti-me-psyktra
2026-06-16 01:05:51,Intel Core i7-8700K Box,Ελάχιστα χρησιμοποιημένο,280.0,https://www.skroutz.gr/skoop/7p9YRkHq6B/intel-core-i7-8700k-box
2026-06-16 01:05:51,AMD Ryzen 3 4100 (AM4 / 3.8GHz) – Άριστη Κατάσταση με Εργοστασιακή Ψύκτρα,Ελάχιστα χρησιμοποιημένο,45.0,https://www.skroutz.gr/skoop/bivTaiBzEz/amd-ryzen-3-4100-am4-3-8ghz-aristi-katastasi-me-ergostasiaki-psyktra
2026-06-16 01:05:51,AMD Ryzen 3 1300X 3.5GHz Επεξεργαστής 4 Πυρήνων για Socket AM4 σε Κουτί με Ψύκτρα,Μεταχειρισμένο,18.0,https://www.skroutz.gr/skoop/Hei5EymeK5/amd-ryzen-3-1300x-3-5ghz-epexergastis-4-pyrinon-gia-socket-am4-se-kouti-me-psyktra
2026-06-16 01:05:51,AMD Ryzen 5 1600X Tray,Μεταχειρισμένο,75.0,https://www.skroutz.gr/skoop/i1eckmAmWt/amd-ryzen-5-1600x-tray
2026-06-16 01:05:51,Intel Core i7-3820 Tray,Μεταχειρισμένο,30.0,https://www.skroutz.gr/skoop/uA9802mRHo/intel-core-i7-3820-tray
2026-06-16 01:05:51,Σετ Gigabyte GA-Z68MA-D2H-B3 + Intel Core i7-2600K + 16GB RAM,Ελάχιστα χρησιμοποιημένο,90.0,https://www.skroutz.gr/skoop/Ya6xqxcpAd/set-gigabyte-ga-z68ma-d2h-b3-intel-core-i7-2600k-16gb-ram
2026-06-16 01:05:51,Gaming Desktop (Ryzen 5 5600X/ROG Strix/RX 580 8GB),Μεταχειρισμένο,515.0,https://www.skroutz.gr/skoop/ESq8YXVIxn/gaming-desktop-ryzen-5-5600x-rog-strix-rx-580-8gb
2026-06-16 01:05:51,AMD Ryzen 5 2600 Tray,Μεταχειρισμένο,45.0,https://www.skroutz.gr/skoop/rZqpLcGzXR/amd-ryzen-5-2600-tray
2026-06-16 01:05:51,AMD Ryzen 3 1200 Tray,Μεταχειρισμένο,9.99,https://www.skroutz.gr/skoop/vKRTHoUu7R/amd-ryzen-3-1200-tray
2026-06-16 01:05:51,14900k με z790 aorus extreme,Ελάχιστα χρησιμοποιημένο,740.0,https://www.skroutz.gr/skoop/KdZfpIcKL0/14900k-me-z790-aorus-extreme
2026-06-16 01:05:51,"Bundle μνήμης RAM και CPU μεταχειρισμένα, λειτουργικά",Μεταχειρισμένο,10.0,https://www.skroutz.gr/skoop/1b5K6osEBv/bundle-mnimis-ram-kai-cpu-metacheirismena-leitourgika
2026-06-16 01:05:51,Intel Core i3-9100F 3.6GHz Επεξεργαστής 4 Πυρήνων για Socket 1151 rev 2 Tray,Καινούριο,32.0,https://www.skroutz.gr/skoop/XuGqe1SJSr/intel-core-i3-9100f-3-6ghz-epexergastis-4-pyrinon-gia-socket-1151-rev-2-tray
2026-06-16 01:05:51,AMD Ryzen 3 3200G 3.6GHz Επεξεργαστής 4 Πυρήνων για Socket AM4 σε Tray με Ψύκτρα,Ελάχιστα χρησιμοποιημένο,53.0,https://www.skroutz.gr/skoop/CP7mAtBFd9/amd-ryzen-3-3200g-3-6ghz-epexergastis-4-pyrinon-gia-socket-am4-se-tray-me-psyktra
2026-06-16 01:05:51,Intel Core i5-13600K 2.6GHz Επεξεργαστής 14 Πυρήνων για Socket 1700 σε Κουτί,Καινούριο,230.01,https://www.skroutz.gr/skoop/gkcRXRStxU/intel-core-i5-13600k-2-6ghz-epexergastis-14-pyrinon-gia-socket-1700-se-kouti
2026-06-16 01:05:51,Intel Core i5-4690 Tray,Μεταχειρισμένο,35.0,https://www.skroutz.gr/skoop/jMt1enIojz/intel-core-i5-4690-tray
2026-06-16 01:05:51,AMD Ryzen 3 1200 3.1GHz Επεξεργαστής 4 Πυρήνων για Socket AM4 σε Κουτί με Ψύκτρα,Μεταχειρισμένο,13.99,https://www.skroutz.gr/skoop/UJCksousKD/amd-ryzen-3-1200-3-1ghz-epexergastis-4-pyrinon-gia-socket-am4-se-kouti-me-psyktra
2026-06-16 01:05:51,Intel Core i7-2600K Tray,Ελάχιστα χρησιμοποιημένο,55.0,https://www.skroutz.gr/skoop/KadtX5Z1I7/intel-core-i7-2600k-tray
2026-06-16 01:05:51,Intel Xeon X5470 Quad-Core 3.3 GHz 12M 1333MHz Processor LGA 771 CPU Modded για LGA 775,Μεταχειρισμένο,70.0,https://www.skroutz.gr/skoop/sOSE2AHDuO/intel-xeon-x5470-quad-core-3-3-ghz-12m-1333mhz-processor-lga-771-cpu-modded-gia-lga-775
2026-06-16 01:05:51,Intel Pentium 4 630 SL7Z9 3.0 GHz LGA775,Μεταχειρισμένο,10.0,https://www.skroutz.gr/skoop/eJ4jV5AxzR/intel-pentium-4-630-sl7z9-3-0-ghz-lga775
2026-06-16 01:05:51,AMD Ryzen 5 3600X 3.8GHz Επεξεργαστής 6 Πυρήνων για Socket AM4 σε Κουτί με Ψύκτρα,Μεταχειρισμένο,150.0,https://www.skroutz.gr/skoop/RyF8ZW68jW/amd-ryzen-5-3600x-3-8ghz-epexergastis-6-pyrinon-gia-socket-am4-se-kouti-me-psyktra
2026-06-16 01:05:51,Intel Core i3-10100 3.6GHz Επεξεργαστής 4 Πυρήνων για Socket 1200 σε Κουτί με Ψύκτρα,Ελάχιστα χρησιμοποιημένο,69.0,https://www.skroutz.gr/skoop/HMWqqqTLkR/intel-core-i3-10100-3-6ghz-epexergastis-4-pyrinon-gia-socket-1200-se-kouti-me-psyktra
2026-06-16 01:05:51,Intel Core i7-12700 2.7GHz Επεξεργαστής 12 Πυρήνων για Socket 1700 σε Κουτί,Καινούριο,230.05,https://www.skroutz.gr/skoop/qFgil1tkFl/intel-core-i7-12700-2-7ghz-epexergastis-12-pyrinon-gia-socket-1700-se-kouti
2026-06-16 01:05:51,Intel Pentium Dual Core-G5400 Tray,Μεταχειρισμένο,20.0,https://www.skroutz.gr/skoop/MO0wtcmeJM/intel-pentium-dual-core-g5400-tray
2026-06-16 01:05:51,AMD Ryzen 3 2200G Tray,Ελάχιστα χρησιμοποιημένο,38.01,https://www.skroutz.gr/skoop/KYi2mJdst4/amd-ryzen-3-2200g-tray
2026-06-16 01:05:51,Amd A10-9700,Καινούριο,15.0,https://www.skroutz.gr/skoop/7ddvwtss8R/amd-a10-9700
2026-06-16 01:05:51,AMD Ryzen 5 3600 (Wraith Stealth Edition) 3.6GHz Επεξεργαστής 6 Πυρήνων για Socket AM4 σε Κουτί με Ψύκτρα,Μεταχειρισμένο,100.0,https://www.skroutz.gr/skoop/bhBGS6qPHa/amd-ryzen-5-3600-wraith-stealth-edition-3-6ghz-epexergastis-6-pyrinon-gia-socket-am4-se-kouti-me-psyktra
2026-06-16 01:05:51,Intel Pentium Dual Core G4400 3.3GHz Επεξεργαστής 2 Πυρήνων για Socket 1151 Tray,Μεταχειρισμένο,11.0,https://www.skroutz.gr/skoop/IpZt36hPAR/intel-pentium-dual-core-g4400-3-3ghz-epexergastis-2-pyrinon-gia-socket-1151-tray
2026-06-16 01:05:51,Intel Xeon-E-2224G Tray,Ελάχιστα χρησιμοποιημένο,32.0,https://www.skroutz.gr/skoop/YJUz3Odyag/intel-xeon-e-2224g-tray
2026-06-16 01:05:51,AMD Ryzen 7 2700X 3.7GHz Επεξεργαστής 8 Πυρήνων για Socket AM4 Tray,Μεταχειρισμένο,60.0,https://www.skroutz.gr/skoop/e8hFJ6dgdl/amd-ryzen-7-2700x-3-7ghz-epexergastis-8-pyrinon-gia-socket-am4-tray
2026-06-16 01:05:51,AMD Ryzen 5 5600X 4.6GHz Επεξεργαστής 6 Πυρήνων για Socket AM4 σε Κουτί με Ψύκτρα,Ελάχιστα χρησιμοποιημένο,135.0,https://www.skroutz.gr/skoop/TYXvxSkcQX/amd-ryzen-5-5600x-4-6ghz-epexergastis-6-pyrinon-gia-socket-am4-se-kouti-me-psyktra
2026-06-16 01:05:51,AMD Ryzen 5 1600 AF 3.2GHz Επεξεργαστής 6 Πυρήνων για Socket AM4 σε Κουτί με Ψύκτρα,Μεταχειρισμένο,26.5,https://www.skroutz.gr/skoop/9oLi1cnWlE/amd-ryzen-5-1600-af-3-2ghz-epexergastis-6-pyrinon-gia-socket-am4-se-kouti-me-psyktra
2026-06-16 01:05:51,Intel Core i7-4771 Tray,Μεταχειρισμένο,53.0,https://www.skroutz.gr/skoop/ZC0rDxStVy/intel-core-i7-4771-tray
2026-06-16 01:05:51,AMD Ryzen 7 2700X 3.7GHz Επεξεργαστής 8 Πυρήνων για Socket AM4 σε Κουτί με Ψύκτρα,Ελάχιστα χρησιμοποιημένο,75.0,https://www.skroutz.gr/skoop/mbYlEG6kRI/amd-ryzen-7-2700x-3-7ghz-epexergastis-8-pyrinon-gia-socket-am4-se-kouti-me-psyktra
2026-06-16 01:05:51,Custom watercooling loop/kit,Μεταχειρισμένο,110.0,https://www.skroutz.gr/skoop/ehK2DaOb94/custom-watercooling-loop-kit
2026-06-16 01:05:51,Intel Core i5-11400 - 2.6 GHz 6-Core Processor ΤΡΑΥ,Ελάχιστα χρησιμοποιημένο,125.01,https://www.skroutz.gr/skoop/5SkgdHKtHD/intel-core-i5-11400-2-6-ghz-6-core-processor-tray
2026-06-16 01:05:51,Intel Core i5-14600KF 2.6GHz Επεξεργαστής 14 Πυρήνων για Socket 1700 σε Κουτί,Ελάχιστα χρησιμοποιημένο,254.0,https://www.skroutz.gr/skoop/fPyK3Ep8xs/intel-core-i5-14600kf-2-6ghz-epexergastis-14-pyrinon-gia-socket-1700-se-kouti
2026-06-16 01:05:51,Intel Core i7-6700 Tray,Μεταχειρισμένο,70.0,https://www.skroutz.gr/skoop/YHFhCyuzzf/intel-core-i7-6700-tray
2026-06-16 01:05:51,Intel Core i5-4570 Tray,Ελάχιστα χρησιμοποιημένο,30.0,https://www.skroutz.gr/skoop/7zW2x7RbgS/intel-core-i5-4570-tray
2026-06-16 01:05:51,Bitaxe gamma 601 solo miner BM1370 chip,Ελάχιστα χρησιμοποιημένο,150.0,https://www.skroutz.gr/skoop/wI09AGtfSe/bitaxe-gamma-601-solo-miner-bm1370-chip
2026-06-16 01:05:51,AMD Ryzen 5 1600 Tray,Μεταχειρισμένο,17.9,https://www.skroutz.gr/skoop/dxJ5BqlSfF/amd-ryzen-5-1600-tray
2026-06-16 01:05:51,Intel Core i9-12900KS 2.5GHz Επεξεργαστής 16 Πυρήνων για Socket 1700 σε Κουτί,Ελάχιστα χρησιμοποιημένο,359.99,https://www.skroutz.gr/skoop/UPVQFUX7xj/intel-core-i9-12900ks-2-5ghz-epexergastis-16-pyrinon-gia-socket-1700-se-kouti
2026-06-16 01:05:51,AMD Ryzen 3 1200 Tray,Μεταχειρισμένο,20.0,https://www.skroutz.gr/skoop/Kt9VmyQIee/amd-ryzen-3-1200-tray
2026-06-16 01:05:51,CPU s2011 i7-3960x Extreme με αχρησιμοποίητη ψύκτρα IceSLEET X7 Dual,Ελάχιστα χρησιμοποιημένο,85.0,https://www.skroutz.gr/skoop/wR6toxSJYk/cpu-s2011-i7-3960x-extreme-me-achrisimopoiiti-psyktra-icesleet-x7-dual
2026-06-16 01:05:51,Intel Core i5-9600KF Tray,Μεταχειρισμένο,62.0,https://www.skroutz.gr/skoop/uKHnacwbWm/intel-core-i5-9600kf-tray
2026-06-16 01:05:51,AMD FX-4350 Box,Μεταχειρισμένο,18.0,https://www.skroutz.gr/skoop/CFPa9YIwrO/amd-fx-4350-box
2026-06-16 01:05:51,Intel Core i3-4170T Tray,Μεταχειρισμένο,10.0,https://www.skroutz.gr/skoop/coEmma32eI/intel-core-i3-4170t-tray
2026-06-16 01:05:51,Intel Core i5-8500 Tray,Μεταχειρισμένο,65.0,https://www.skroutz.gr/skoop/bPJHgaPI3e/intel-core-i5-8500-tray
2026-06-16 01:05:51,Uma m9 ecu Honda Gtr 150,Ελάχιστα χρησιμοποιημένο,200.0,https://www.skroutz.gr/skoop/ZjD5scHhKE/uma-m9-ecu-honda-gtr-150
2026-06-16 01:05:51,Intel Core i9-13900K 2.2GHz Επεξεργαστής 24 Πυρήνων για Socket 1700 ΒΟΧ,Καινούριο,390.0,https://www.skroutz.gr/skoop/9rE2EOaZ3f/intel-core-i9-13900k-2-2ghz-epexergastis-24-pyrinon-gia-socket-1700-voch
2026-06-16 01:05:51,Be Quiet Dark Rock Elite ARGB TDP 280W (Η καλύτερη και ομορφότερη),Ελάχιστα χρησιμοποιημένο,85.0,https://www.skroutz.gr/skoop/vPCInljkXb/be-quiet-dark-rock-elite-argb-tdp-280w-i-kalyteri-kai-omorfoteri
2026-06-16 01:05:51,Intel Core i3-4158 με Mama Cooler,Μεταχειρισμένο,16.0,https://www.skroutz.gr/skoop/3Y8bsV4Ww3/intel-core-i3-4158-me-mama-cooler
2026-06-16 01:05:51,Intel Pentium III 3 SL5FQ 1000MHZ 1.0GHz 256KB 133MHz Socket 370 CPU Processor PC ΕΠΕΞΕΡΓΑΣΤΗΣ,Μεταχειρισμένο,35.0,https://www.skroutz.gr/skoop/TnFJA8mDe1/intel-pentium-iii-3-sl5fq-1000mhz-1-0ghz-256kb-133mhz-socket-370-cpu-processor-pc-epexergastis
2026-06-16 01:05:51,intel core i5-750 2.66Ghz socket 1156,Μεταχειρισμένο,12.5,https://www.skroutz.gr/skoop/kVZ6Fc0I6V/intel-core-i5-750-2-66ghz-socket-1156
2026-06-16 01:05:51,AMD Ryzen 5 1600 3.2GHz Επεξεργαστής 6 Πυρήνων για Socket AM4 σε Κουτί με Ψύκτρα,Μεταχειρισμένο,42.33,https://www.skroutz.gr/skoop/2OcC3zt4PS/amd-ryzen-5-1600-3-2ghz-epexergastis-6-pyrinon-gia-socket-am4-se-kouti-me-psyktra
2026-06-16 01:05:51,AMD FX 6300 3.5GHz Επεξεργαστής 6 Πυρήνων για Socket AM3+ Tray,Μεταχειρισμένο,20.0,https://www.skroutz.gr/skoop/RA1kXofqTx/amd-fx-6300-3-5ghz-epexergastis-6-pyrinon-gia-socket-am3-tray
2026-06-16 01:05:51,CPU Intel Core i5-4670K,Μεταχειρισμένο,30.0,https://www.skroutz.gr/skoop/fVBL9J11Xu/cpu-intel-core-i5-4670k
2026-06-16 01:05:51,AMD Ryzen 7 2700 3.2GHz Επεξεργαστής 8 Πυρήνων για Socket AM4 Tray,Μεταχειρισμένο,50.0,https://www.skroutz.gr/skoop/hk8LoV2ROH/amd-ryzen-7-2700-3-2ghz-epexergastis-8-pyrinon-gia-socket-am4-tray
2026-06-16 01:05:51,Intel Pentium 925 sl9ka,Μεταχειρισμένο,25.0,https://www.skroutz.gr/skoop/anPHZKIXMd/intel-pentium-925-sl9ka
2026-06-16 01:05:51,Intel Core i3-10100 3.6GHz Επεξεργαστής 4 Πυρήνων για Socket 1200 σε Κουτί με Ψύκτρα,Ελάχιστα χρησιμοποιημένο,95.0,https://www.skroutz.gr/skoop/ubHbzJQQBw/intel-core-i3-10100-3-6ghz-epexergastis-4-pyrinon-gia-socket-1200-se-kouti-me-psyktra
2026-06-16 01:05:51,"Επεξεργαστής AMD Athlon 64 LE-1640, Socket AM2",Μεταχειρισμένο,8.0,https://www.skroutz.gr/skoop/P9BmxFTBvV/epexergastis-amd-athlon-64-le-1640-socket-am2
2026-06-16 01:05:51,Intel Ultra 5 235 2.9GHz Επεξεργαστής 14 Πυρήνων για Socket 1851 σε Κουτί,Ελάχιστα χρησιμοποιημένο,200.0,https://www.skroutz.gr/skoop/FOVZmJ9o9c/intel-ultra-5-235-2-9ghz-epexergastis-14-pyrinon-gia-socket-1851-se-kouti
2026-06-16 01:05:51,Intel Core i9-13900K 2.2GHz Επεξεργαστής 24 Πυρήνων για Socket 1700 σε Κουτί,Ελάχιστα χρησιμοποιημένο,399.0,https://www.skroutz.gr/skoop/KHZjLHVgpQ/intel-core-i9-13900k-2-2ghz-epexergastis-24-pyrinon-gia-socket-1700-se-kouti
2026-06-16 01:05:51,I5 9400f,Μεταχειρισμένο,54.0,https://www.skroutz.gr/skoop/mU798KlbTd/i5-9400f
2026-06-16 01:05:51,AMD Ryzen 5 2600 3.4GHz Επεξεργαστής 6 Πυρήνων για Socket AM4 με Ψύκτρα,Μεταχειρισμένο,50.0,https://www.skroutz.gr/skoop/CYsFAPkmuv/amd-ryzen-5-2600-3-4ghz-epexergastis-6-pyrinon-gia-socket-am4-me-psyktra
2026-06-16 01:05:51,Intel Core i3-3220 Box,Μεταχειρισμένο,12.0,https://www.skroutz.gr/skoop/JAGL51msDf/intel-core-i3-3220-box
2026-06-16 01:05:51,Intel Core i3-4160 3.6GHz Επεξεργαστής 2 Πυρήνων για Socket 1150 σε Κουτί,Μεταχειρισμένο,15.0,https://www.skroutz.gr/skoop/ejnmnIrM4e/intel-core-i3-4160-3-6ghz-epexergastis-2-pyrinon-gia-socket-1150-se-kouti
2026-06-16 01:05:51,Intel Core i9-14900K 2.4GHz Επεξεργαστής 24 Πυρήνων για Socket 1700 σε Κουτί,Ελάχιστα χρησιμοποιημένο,410.01,https://www.skroutz.gr/skoop/rOrCXG1XGU/intel-core-i9-14900k-2-4ghz-epexergastis-24-pyrinon-gia-socket-1700-se-kouti
2026-06-16 01:05:51,AMD Ryzen 5 1600 3.2GHz Επεξεργαστής 6 Πυρήνων για Socket AM4 σε Κουτί με Ψύκτρα,Μεταχειρισμένο,25.0,https://www.skroutz.gr/skoop/GID8KYsprY/amd-ryzen-5-1600-3-2ghz-epexergastis-6-pyrinon-gia-socket-am4-se-kouti-me-psyktra
2026-06-16 01:05:51,Intel Core i5-13500 1.8GHz Επεξεργαστής 14 Πυρήνων για Socket 1700 σε Κουτί,Καινούριο,10.0,https://www.skroutz.gr/skoop/Tel1VqDgcL/intel-core-i5-13500-1-8ghz-epexergastis-14-pyrinon-gia-socket-1700-se-kouti
2026-06-16 01:05:51,Intel Core i5-6600K 3.5GHz Επεξεργαστής 4 Πυρήνων για Socket 1151 σε Κουτί,Μεταχειρισμένο,55.0,https://www.skroutz.gr/skoop/fsSbmx7v8U/intel-core-i5-6600k-3-5ghz-epexergastis-4-pyrinon-gia-socket-1151-se-kouti
2026-06-16 01:05:51,Ryzen 7 2700X + ΑΜD Wraith Prism LED,Ελάχιστα χρησιμοποιημένο,85.0,https://www.skroutz.gr/skoop/eV5S6MD6HQ/ryzen-7-2700x-amd-wraith-prism-led
2026-06-16 01:05:51,Intel Celeron Dual Core G3930 2.9GHz Επεξεργαστής 2 Πυρήνων για Socket 1151 σε Tray με Ψύκτρα,Καινούριο,15.0,https://www.skroutz.gr/skoop/5cfCrcViVn/intel-celeron-dual-core-g3930-2-9ghz-epexergastis-2-pyrinon-gia-socket-1151-se-tray-me-psyktra
2026-06-16 01:05:51,Xeon X5675,Ελάχιστα χρησιμοποιημένο,130.0,https://www.skroutz.gr/skoop/C0nAPATxOc/xeon-x5675
2026-06-16 01:05:51,Intel Core i7-14700 2.1GHz Επεξεργαστής 20 Πυρήνων για Socket 1700 σε Κουτί με Ψύκτρα ΚΑΙΝΟΥΡΓΙΟ-ΕΓΓΥΗΣΗ,Καινούριο,320.02,https://www.skroutz.gr/skoop/fuqwoeqTkP/intel-core-i7-14700-2-1ghz-epexergastis-20-pyrinon-gia-socket-1700-se-kouti-me-psyktra-kainourgio-eggyisi
2026-06-16 01:05:51,6 επεξεργαστες ολοι μαζι (3 i5 7400) (2 i5 6400) (1 i5 6500),Μεταχειρισμένο,100.0,https://www.skroutz.gr/skoop/LCw5GPrLOD/6-epexergastes-oloi-mazi-3-i5-7400-2-i5-6400-1-i5-6500
2026-06-16 01:05:51,Intel Core i3-4150 Tray,Ελάχιστα χρησιμοποιημένο,31.8,https://www.skroutz.gr/skoop/bWXfEBsT5M/intel-core-i3-4150-tray
2026-06-16 01:05:51,i5 750,Καινούριο,11.0,https://www.skroutz.gr/skoop/GoYZFcZFer/i5-750
2026-06-16 01:05:51,Intel Core i5-8500 3GHz Επεξεργαστής 6 Πυρήνων για Socket 1151 rev 2 σε Κουτί με Ψύκτρα,Μεταχειρισμένο,70.0,https://www.skroutz.gr/skoop/s9WlcyTFur/intel-core-i5-8500-3ghz-epexergastis-6-pyrinon-gia-socket-1151-rev-2-se-kouti-me-psyktra
2026-06-16 01:05:51,Intel Core i5-4460 3.20GHz (LGA1150) – Άριστη Κατάσταση,Μεταχειρισμένο,35.0,https://www.skroutz.gr/skoop/tnYJd3euCi/intel-core-i5-4460-3-20ghz-lga1150-aristi-katastasi
2026-06-16 01:05:51,AMD Ryzen 5 3400G 3.7GHz Επεξεργαστής 4 Πυρήνων για Socket AM4 σε Κουτί με Ψύκτρα,Μεταχειρισμένο,53.0,https://www.skroutz.gr/skoop/iId45CU4XB/amd-ryzen-5-3400g-3-7ghz-epexergastis-4-pyrinon-gia-socket-am4-se-kouti-me-psyktra
2026-06-16 01:05:51,AM4 Socket AMD A10-9700 3500MHz επεξεργαστής (με ενσωματωμένη κάρτα γραφικών Radeon R7) CPU ΑΜ4,Καινούριο,15.0,https://www.skroutz.gr/skoop/LjZUd1E3D5/am4-socket-amd-a10-9700-3500mhz-epexergastis-me-ensomatomeni-karta-grafikon-radeon-r7-cpu-am4
2026-06-16 01:05:51,AMD Ryzen 7 9700X 3.8GHz Επεξεργαστής 8 Πυρήνων για Socket AM5 σε Κουτί,Καινούριο,250.0,https://www.skroutz.gr/skoop/V7W4XR0cIP/amd-ryzen-7-9700x-3-8ghz-epexergastis-8-pyrinon-gia-socket-am5-se-kouti
2026-06-16 01:05:51,Intel Core i7-4770K Tray,Μεταχειρισμένο,63.5,https://www.skroutz.gr/skoop/4m5j7whXgU/intel-core-i7-4770k-tray
2026-06-16 01:05:51,INTEL PENTIUM DUAL CORE E5300 2.60GHZ LGA775,Μεταχειρισμένο,20.0,https://www.skroutz.gr/skoop/Sy73cG5o98/intel-pentium-dual-core-e5300-2-60ghz-lga775
2026-06-16 01:05:51,Intel Core i3-6100 3.7GHz Επεξεργαστής 2 Πυρήνων για Socket 1151 Tray,Ελάχιστα χρησιμοποιημένο,21.0,https://www.skroutz.gr/skoop/TxkwEedY8k/intel-core-i3-6100-3-7ghz-epexergastis-2-pyrinon-gia-socket-1151-tray
2026-06-16 01:05:51,Intel Core i3-7100 3.9GHz Επεξεργαστής 2 Πυρήνων για Socket 1151 σε Κουτί με Ψύκτρα,Ελάχιστα χρησιμοποιημένο,26.0,https://www.skroutz.gr/skoop/aG31QsMiO6/intel-core-i3-7100-3-9ghz-epexergastis-2-pyrinon-gia-socket-1151-se-kouti-me-psyktra
2026-06-16 01:05:51,Intel Core i9-13900KF 13th Gen 3 GHz 24-Core LGA 1700 Processor,Μεταχειρισμένο,260.0,https://www.skroutz.gr/skoop/i7uUAY9rjn/intel-core-i9-13900kf-13th-gen-3-ghz-24-core-lga-1700-processor
2026-06-16 01:05:51,Intel Core i5-2320 Processor 6MB Cache 3.00 GHz SOCKET 1155,Μεταχειρισμένο,15.0,https://www.skroutz.gr/skoop/OBY9J9SPqH/intel-core-i5-2320-processor-6mb-cache-3-00-ghz-socket-1155
2026-06-16 01:05:51,Intel Core i5-2400 Processor 6MB Cache 3.10 GHz SOCKET 1155,Μεταχειρισμένο,16.0,https://www.skroutz.gr/skoop/fx96jOz4g7/intel-core-i5-2400-processor-6mb-cache-3-10-ghz-socket-1155
2026-06-16 01:05:51,Επεξεργαστής με τροφοδοτικό,Ελάχιστα χρησιμοποιημένο,55.0,https://www.skroutz.gr/skoop/fMj9gy3S8V/epexergastis-me-trofodotiko
2026-06-16 01:05:51,CPU i3 3.30ghz,Μεταχειρισμένο,16.0,https://www.skroutz.gr/skoop/qQ7n7Jdeto/cpu-i3-3-30ghz
2026-06-16 01:05:51,Intel Core i3-8100 3.6GHz Επεξεργαστής 4 Πυρήνων για Socket 1151 TRAY,Ελάχιστα χρησιμοποιημένο,38.0,https://www.skroutz.gr/skoop/io3eKbGdom/intel-core-i3-8100-3-6ghz-epexergastis-4-pyrinon-gia-socket-1151-tray
2026-06-16 01:05:51,Combo i5 7400 h110,Μεταχειρισμένο,60.0,https://www.skroutz.gr/skoop/agRdVnuY1F/combo-i5-7400-h110
2026-06-16 01:05:51,Intel i7 8700 + Gigabyte B360M + Stock Cooler + A/O Shield,Ελάχιστα χρησιμοποιημένο,170.0,https://www.skroutz.gr/skoop/Fd446kcOru/intel-i7-8700-gigabyte-b360m-stock-cooler-a-o-shield
2026-06-16 01:05:51,AMD PHENOM II X2 555 3.2GHz Black Edition Callisto AM2+ AM3 SOCKET 6MB CACHE HDZ555WFK2DGM CPU PROCESSOR ΕΠΕΞΕΡΓΑΣΤΗΣ,Μεταχειρισμένο,25.0,https://www.skroutz.gr/skoop/6CSZUXFBvY/amd-phenom-ii-x2-555-3-2ghz-black-edition-callisto-am2-am3-socket-6mb-cache-hdz555wfk2dgm-cpu-processor-epexergastis
2026-06-16 01:05:51,Intel Core i5- 3.33GHz Processor 2 Core for Socket in Box,Μεταχειρισμένο,10.0,https://www.skroutz.gr/skoop/srwZuKn2cD/intel-core-i5-3-33ghz-processor-2-core-for-socket-in-box
2026-06-16 01:05:51,Intel Core i5-13400 1.8GHz Επεξεργαστής 10 Πυρήνων για Socket 1700 TRAY,Ελάχιστα χρησιμοποιημένο,170.0,https://www.skroutz.gr/skoop/oyfZi1vflY/intel-core-i5-13400-1-8ghz-epexergastis-10-pyrinon-gia-socket-1700-tray
2026-06-16 01:05:51,Επεξεργαστής CPU INTEL CELERON G1620 2.7Ghz costa rica,Μεταχειρισμένο,10.0,https://www.skroutz.gr/skoop/vdgXw9Ied6/epexergastis-cpu-intel-celeron-g1620-2-7ghz-costa-rica
2026-06-16 01:05:51,Intel Core i7-3770K 3.5GHz Processor 4 Core for Socket Tray,Μεταχειρισμένο,79.99,https://www.skroutz.gr/skoop/ut0V5PJIEX/intel-core-i7-3770k-3-5ghz-processor-4-core-for-socket-tray
2026-06-16 01:05:51,Intel Core i5-2500K Tray,Μεταχειρισμένο,11.0,https://www.skroutz.gr/skoop/JeV1lhwJRG/intel-core-i5-2500k-tray
2026-06-16 01:05:51,Επεξεργαστής cpu INTEL core 2 duo 6600 2.4Ghz malay,Καινούριο,10.0,https://www.skroutz.gr/skoop/7k7HibnSXX/epexergastis-cpu-intel-core-2-duo-6600-2-4ghz-malay
2026-06-16 01:05:51,Επεξεργαστής cpu INTEL core 2 duo E7200 2.53Ghz costa rica,Ελάχιστα χρησιμοποιημένο,10.0,https://www.skroutz.gr/skoop/JEfXT9moV2/epexergastis-cpu-intel-core-2-duo-e7200-2-53ghz-costa-rica
2026-06-16 01:05:51,Intel Core i7-2600K Tray,Μεταχειρισμένο,50.0,https://www.skroutz.gr/skoop/ubZaxh1oVt/intel-core-i7-2600k-tray
2026-06-16 01:05:51,Intel Xeon E3-1230 v5 Tray,Ελάχιστα χρησιμοποιημένο,15.0,https://www.skroutz.gr/skoop/4QucK2EThp/intel-xeon-e3-1230-v5-tray
2026-06-16 01:05:51,Intel Core i5-11400 - 2.6 GHz 6-Core Processor ΤΡΑΥ,Ελάχιστα χρησιμοποιημένο,120.0,https://www.skroutz.gr/skoop/Y2HSLCSg6U/intel-core-i5-11400-2-6-ghz-6-core-processor-tray
2026-06-16 01:05:51,Intel Core i5-2500K @ 3.30GHz Lga 1155,Μεταχειρισμένο,30.0,https://www.skroutz.gr/skoop/wzvIevcyWV/intel-core-i5-2500k-3-30ghz-lga-1155
2026-06-16 01:05:51,AMD Athlon 64 X2 3800+,Μεταχειρισμένο,14.0,https://www.skroutz.gr/skoop/lJl6jnqUru/amd-athlon-64-x2-3800
2026-06-16 01:05:51,Intel Core i5-13600K 2.6GHz Επεξεργαστής 14 Πυρήνων για Socket 1700 σε Κουτί,Καινούριο,228.0,https://www.skroutz.gr/skoop/XtoRrsb0ip/intel-core-i5-13600k-2-6ghz-epexergastis-14-pyrinon-gia-socket-1700-se-kouti
2026-06-16 01:05:51,Intel Celeron Dual Core G3900 Box,Καινούριο,12.0,https://www.skroutz.gr/skoop/WLtRdla11w/intel-celeron-dual-core-g3900-box
2026-06-16 01:05:51,Intel Pentium Dual Core G4560 Box,Ελάχιστα χρησιμοποιημένο,12.0,https://www.skroutz.gr/skoop/K086hHAmwM/intel-pentium-dual-core-g4560-box
2026-06-16 01:05:51,Intel Core i5-4430 Tray,Μεταχειρισμένο,22.0,https://www.skroutz.gr/skoop/EVWgjH3VUx/intel-core-i5-4430-tray
2026-06-16 01:05:51,Επεξεργαστής i5 6400 socket 1151,Μεταχειρισμένο,35.0,https://www.skroutz.gr/skoop/thLDVMEs7D/epexergastis-i5-6400-socket-1151
2026-06-16 01:05:51,AMD Athlon 64 X2 7750 Black Edition Tray,Μεταχειρισμένο,10.0,https://www.skroutz.gr/skoop/uy3khKQnSd/amd-athlon-64-x2-7750-black-edition-tray
2026-06-16 01:05:51,Επεξεργαστής AMD AM3+ FX 4300,Μεταχειρισμένο,20.0,https://www.skroutz.gr/skoop/kPcP4ZzhdU/epexergastis-amd-am3-fx-4300
2026-06-16 01:05:51,Επεξεργαστής i3 4130 socket 1150,Μεταχειρισμένο,11.0,https://www.skroutz.gr/skoop/1wwUOwjjqB/epexergastis-i3-4130-socket-1150
2026-06-16 01:05:51,Επεξεργαστής i5 7400 socket 1151,Μεταχειρισμένο,40.0,https://www.skroutz.gr/skoop/qZpTBR56M5/epexergastis-i5-7400-socket-1151
2026-06-16 01:05:51,Επεξεργαστής i3 3220 socket 1155,Μεταχειρισμένο,11.0,https://www.skroutz.gr/skoop/s8xQX5Wxru/epexergastis-i3-3220-socket-1155
2026-06-16 01:05:51,Επεξεργαστής i5 3450 3.10 GHz socket 1155,Μεταχειρισμένο,25.0,https://www.skroutz.gr/skoop/jmxslTzfHD/epexergastis-i5-3450-3-10-ghz-socket-1155
2026-06-16 01:05:51,Intel Core i5-3570K Tray,Καινούριο,35.0,https://www.skroutz.gr/skoop/RC48xX4QqF/intel-core-i5-3570k-tray
2026-06-16 01:05:51,Intel Core i3-2100 3.1GHz Επεξεργαστής 2 Πυρήνων για Socket Tray,Μεταχειρισμένο,11.0,https://www.skroutz.gr/skoop/guPvoI6K0d/intel-core-i3-2100-3-1ghz-epexergastis-2-pyrinon-gia-socket-tray
2026-06-16 01:05:51,Intel Core 2 Quad Q6600 Tray,Μεταχειρισμένο,16.0,https://www.skroutz.gr/skoop/3V52oUCEjR/intel-core-2-quad-q6600-tray
2026-06-16 01:05:51,Επεξεργαστής Intel Core Ι5-3340,Ελάχιστα χρησιμοποιημένο,32.0,https://www.skroutz.gr/skoop/T5c9q6UiFC/epexergastis-intel-core-i5-3340
2026-06-16 01:05:51,AMD Ryzen 3 1200 3.1GHz Επεξεργαστής 4 Πυρήνων για Socket AM4 σε Κουτί με Ψύκτρα,Μεταχειρισμένο,15.0,https://www.skroutz.gr/skoop/jPKIBUTQE0/amd-ryzen-3-1200-3-1ghz-epexergastis-4-pyrinon-gia-socket-am4-se-kouti-me-psyktra
2026-06-16 01:05:51,Intel Core i3-2100 3.1GHz Επεξεργαστής 2 Πυρήνων για Socket Tray,Μεταχειρισμένο,10.0,https://www.skroutz.gr/skoop/SJgC77AMyM/intel-core-i3-2100-3-1ghz-epexergastis-2-pyrinon-gia-socket-tray
2026-06-16 01:05:51,Intel Core i5-3550S Tray,Μεταχειρισμένο,22.0,https://www.skroutz.gr/skoop/rR67fK5dFd/intel-core-i5-3550s-tray
2026-06-16 01:05:51,Intel Core i7-4790 3.6GHz Processor 4 Core for Socket 1150 Tray,Μεταχειρισμένο,78.99,https://www.skroutz.gr/skoop/5dy0InM0EA/intel-core-i7-4790-3-6ghz-processor-4-core-for-socket-1150-tray
2026-06-16 01:05:51,Ryzen 9 3900X AM4 Socket Ψύκτρα,Καινούριο,30.0,https://www.skroutz.gr/skoop/qRX4Wnpgoh/ryzen-9-3900x-am4-socket-psyktra
2026-06-16 01:05:51,AMD Wraith Stealth Ψύκτρα Επεξεργαστή για Socket AM4,Καινούριο,12.01,https://www.skroutz.gr/skoop/4mTlY5vO42/amd-wraith-stealth-psyktra-epexergasti-gia-socket-am4
2026-06-16 01:05:51,Intel Core i9-10900X 3.7GHz Επεξεργαστής 10 Πυρήνων για Socket 2066,Ελάχιστα χρησιμοποιημένο,300.0,https://www.skroutz.gr/skoop/e7Y0gySh6V/intel-core-i9-10900x-3-7ghz-epexergastis-10-pyrinon-gia-socket-2066
2026-06-16 01:05:51,Intel Core i7-i7-4770K 3.5GHz Processor 4 Core for Socket 1150 Tray,Μεταχειρισμένο,78.99,https://www.skroutz.gr/skoop/RY4YfQDcAR/intel-core-i7-i7-4770k-3-5ghz-processor-4-core-for-socket-1150-tray
2026-06-16 01:05:51,Intel Pentium III για Socket 370 με ψύκτρα Intel Stock,Μεταχειρισμένο,11.0,https://www.skroutz.gr/skoop/pjFPvgiUlr/intel-pentium-iii-gia-socket-370-me-psyktra-intel-stock
2026-06-16 01:05:51,Επεξεργαστής i5 750,Μεταχειρισμένο,22.0,https://www.skroutz.gr/skoop/62gLuGCeiq/epexergastis-i5-750
2026-06-16 01:05:51,Intel Core 2 Duo E8500,Μεταχειρισμένο,11.0,https://www.skroutz.gr/skoop/qc1rtzib6I/intel-core-2-duo-e8500
2026-06-16 01:05:51,Intel Core i5-7500 3.4GHz Επεξεργαστής 4 Πυρήνων για Socket 1151 σε Κουτί με Ψύκτρα,Μεταχειρισμένο,67.99,https://www.skroutz.gr/skoop/ImKcxFyJcC/intel-core-i5-7500-3-4ghz-epexergastis-4-pyrinon-gia-socket-1151-se-kouti-me-psyktra
2026-06-16 01:05:51,(ΣΦΡΑΓΙΣΜΕΝΟ) JEYI RGB CPU Cooler 6 Heat Pipes PWM Fan for AMD-INTEL,Καινούριο,32.0,https://www.skroutz.gr/skoop/DpRdZOb00n/sfragismeno-jeyi-rgb-cpu-cooler-6-heat-pipes-pwm-fan-for-amd-intel
2026-06-16 01:05:51,Intel Core i5-3570 Tray,Ελάχιστα χρησιμοποιημένο,29.0,https://www.skroutz.gr/skoop/YfHaoUjseo/intel-core-i5-3570-tray
2026-06-16 01:05:51,I7 2600 1155,Μεταχειρισμένο,49.99,https://www.skroutz.gr/skoop/utWRcOenJg/i7-2600-1155
2026-06-16 01:05:51,GeForce 7600GT,Μεταχειρισμένο,145.0,https://www.skroutz.gr/skoop/jBUtPoOkm0/geforce-7600gt
2026-06-16 01:05:51,Επεξεργαστής i5 4570 socket 1150,Μεταχειρισμένο,30.0,https://www.skroutz.gr/skoop/VPisqiOLpl/epexergastis-i5-4570-socket-1150
2026-06-16 01:05:51,AMD FX-8120 Box,Ελάχιστα χρησιμοποιημένο,59.99,https://www.skroutz.gr/skoop/JkIbxo0v4w/amd-fx-8120-box
2026-06-16 01:05:51,Intel Core 2 Duo E8400 Tray,Μεταχειρισμένο,15.0,https://www.skroutz.gr/skoop/hU3IDYZCIH/intel-core-2-duo-e8400-tray
2026-06-16 01:05:51,Intel Core 2 Duo E8500 Tray,Μεταχειρισμένο,20.0,https://www.skroutz.gr/skoop/hWRqpKEE77/intel-core-2-duo-e8500-tray
2026-06-16 01:05:51,Intel Core i5-3470S Tray,Μεταχειρισμένο,14.99,https://www.skroutz.gr/skoop/C2f4jYYMm6/intel-core-i5-3470s-tray
2026-06-16 01:05:51,Intel Core i5- 3.1GHz Processor 4 Core for Socket Tray,Μεταχειρισμένο,14.88,https://www.skroutz.gr/skoop/riuf1fYfCM/intel-core-i5-3-1ghz-processor-4-core-for-socket-tray
2026-06-16 01:05:51,Arduino MKR NB 1500 + extra,Ελάχιστα χρησιμοποιημένο,92.0,https://www.skroutz.gr/skoop/4hK8fP7F7A/arduino-mkr-nb-1500-extra
2026-06-16 01:05:51,"I7 920 4 ΠΥΡΉΝΕΣ, 1366, 2.6GHZ",Μεταχειρισμένο,12.0,https://www.skroutz.gr/skoop/Xa0ECcnLBj/i7-920-4-pyr%CE%B9nes-1366-2-6ghz
2026-06-16 01:05:51,Intel Core i3-9100 3.6GHz Επεξεργαστής 4 Πυρήνων για Socket 1151 TRAY,Ελάχιστα χρησιμοποιημένο,50.02,https://www.skroutz.gr/skoop/ERuLOK8Jv0/intel-core-i3-9100-3-6ghz-epexergastis-4-pyrinon-gia-socket-1151-tray
2026-06-16 01:05:51,CPU Intel Core i5 3380M για λάπτοπ Lenovo Thinkpad,Μεταχειρισμένο,22.0,https://www.skroutz.gr/skoop/hH2DZdHFmT/cpu-intel-core-i5-3380m-gia-laptop-lenovo-thinkpad
2026-06-16 01:05:51,Intel Core i7-3770 Tray,Ελάχιστα χρησιμοποιημένο,88.99,https://www.skroutz.gr/skoop/kDu4wD8btv/intel-core-i7-3770-tray
2026-06-16 01:05:51,Επεξεργαστής Intel Pentium Dual Core G6405 4.1GHz 2 Core-4 THEARDS για Socket 1200 XΩΡΙΣ κουτί με ψύκτρα,Ελάχιστα χρησιμοποιημένο,49.0,https://www.skroutz.gr/skoop/jWMzps8YXa/epexergastis-intel-pentium-dual-core-g6405-4-1ghz-2-core-4-theards-gia-socket-1200-xoris-kouti-me-psyktra
2026-06-16 01:05:51,Intel Core i5-3570 Tray,Ελάχιστα χρησιμοποιημένο,38.99,https://www.skroutz.gr/skoop/mtdHi8x4A4/intel-core-i5-3570-tray
2026-06-16 01:05:51,Intel Pentium Dual-Core E5300 Box,Μεταχειρισμένο,10.0,https://www.skroutz.gr/skoop/489ghv7YYM/intel-pentium-dual-core-e5300-box
2026-06-16 01:05:51,Intel Pentium Dual Core BX80637G2030 3GHz Επεξεργαστής 2 Πυρήνων για Socket σε Κουτί,Ελάχιστα χρησιμοποιημένο,10.0,https://www.skroutz.gr/skoop/wo8Lqz6cqt/intel-pentium-dual-core-bx80637g2030-3ghz-epexergastis-2-pyrinon-gia-socket-se-kouti
2026-06-16 01:05:51,Intel Core i3-2100 3.1GHz Επεξεργαστής 2 Πυρήνων για Socket Tray,Ελάχιστα χρησιμοποιημένο,10.0,https://www.skroutz.gr/skoop/XR7ym3RmgH/intel-core-i3-2100-3-1ghz-epexergastis-2-pyrinon-gia-socket-tray
2026-06-16 01:05:51,Intel Core i7-8700K 3.7GHz Επεξεργαστής 6 Πυρήνων για Socket 1151 rev 2 Tray,Μεταχειρισμένο,120.0,https://www.skroutz.gr/skoop/EuhkgSGXeU/intel-core-i7-8700k-3-7ghz-epexergastis-6-pyrinon-gia-socket-1151-rev-2-tray
2026-06-16 01:05:51,Intel Core 2 Duo E8400 στα 3.00 GHz για socket LGA 775,Μεταχειρισμένο,20.0,https://www.skroutz.gr/skoop/RgHUQOEhcF/intel-core-2-duo-e8400-sta-3-00-ghz-gia-socket-lga-775
2026-06-16 01:05:51,Intel Pentium 4 στα 3.00 GHz για socket 478,Μεταχειρισμένο,20.0,https://www.skroutz.gr/skoop/vma7CC5BVt/intel-pentium-4-sta-3-00-ghz-gia-socket-478
2026-06-16 01:05:51,Επεξεργαστής i3-4160,Μεταχειρισμένο,20.0,https://www.skroutz.gr/skoop/8p9p4pgwfv/epexergastis-i3-4160
2026-06-16 01:05:51,Επεξεργαστής i3-4130,Μεταχειρισμένο,15.0,https://www.skroutz.gr/skoop/VVzIiV7nPD/epexergastis-i3-4130
2026-06-16 01:05:51,Διπύρηνος επεξεργαστής E8400 για Socket 775,Μεταχειρισμένο,10.0,https://www.skroutz.gr/skoop/srOcfJlfDR/dipyrinos-epexergastis-e8400-gia-socket-775
2026-06-16 01:05:51,Επεξεργαστής i5 760 socket 1156 2.80 Ghz,Μεταχειρισμένο,15.0,https://www.skroutz.gr/skoop/RGYUv3y8gj/epexergastis-i5-760-socket-1156-2-80-ghz
2026-06-16 01:05:51,Intel Pentium DUAL - CORE E5300,Μεταχειρισμένο,15.0,https://www.skroutz.gr/skoop/emzbYnm6ly/intel-pentium-dual-core-e5300
2026-06-16 01:05:51,Intel i5 4570,Μεταχειρισμένο,35.0,https://www.skroutz.gr/skoop/Z3gxe6cZiB/intel-i5-4570
2026-06-16 01:05:51,Intel Pentium 4 640,Μεταχειρισμένο,15.0,https://www.skroutz.gr/skoop/aDR2L4v1ih/intel-pentium-4-640
2026-06-16 01:05:51,Intel i5 4440,Μεταχειρισμένο,35.0,https://www.skroutz.gr/skoop/kUGeXdZik8/intel-i5-4440
2026-06-16 01:05:51,Intel Core 2 Quad Q6600 Box,Μεταχειρισμένο,15.0,https://www.skroutz.gr/skoop/MDEatJs15P/intel-core-2-quad-q6600-box
2026-06-16 01:05:51,Intel Core i7-4820K Tray,Μεταχειρισμένο,35.0,https://www.skroutz.gr/skoop/GFTnrYiO9O/intel-core-i7-4820k-tray
2026-06-16 01:05:51,Intel Pentium,Μεταχειρισμένο,40.0,https://www.skroutz.gr/skoop/a2LqFn64bB/intel-pentium
2026-06-16 01:05:51,Επεξεργαστής Athlon II X4 640 socket AM3/AM3+,Μεταχειρισμένο,20.0,https://www.skroutz.gr/skoop/3LRiYEqH8G/epexergastis-athlon-ii-x4-640-socket-am3-am3
2026-06-16 01:05:51,Επεξεργαστής AMD Phenom II X4 955 125watt socket AM2+/AM3,Μεταχειρισμένο,25.0,https://www.skroutz.gr/skoop/MeKGaFPzpO/epexergastis-amd-phenom-ii-x4-955-125watt-socket-am2-am3
2026-06-16 01:05:51,Επεξεργαστής AMD Phenom II X4 965 socket AM2+/AM3,Μεταχειρισμένο,35.0,https://www.skroutz.gr/skoop/AcMaZvtC5j/epexergastis-amd-phenom-ii-x4-965-socket-am2-am3
2026-06-16 01:05:51,Επεξεργαστής FX 4100 socket ΑΜ3+,Μεταχειρισμένο,15.0,https://www.skroutz.gr/skoop/iocog87Rwu/epexergastis-fx-4100-socket-am3
2026-06-16 01:05:51,Επεξεργαστής i5 2500 socket 1155,Μεταχειρισμένο,25.0,https://www.skroutz.gr/skoop/jO6EwiX96i/epexergastis-i5-2500-socket-1155
2026-06-16 01:05:51,Πωλείται ο επεξεργαστής για socket 1155 i5 2500k,Μεταχειρισμένο,27.0,https://www.skroutz.gr/skoop/vPHtdMPoFl/poleitai-o-epexergastis-gia-socket-1155-i5-2500k
2026-06-16 01:05:51,Διπύρηνος επεξεργαστής Socket 775 E8500,Μεταχειρισμένο,12.0,https://www.skroutz.gr/skoop/Lp8rasbUCx/dipyrinos-epexergastis-socket-775-e8500
2026-06-16 01:05:51,Τετραπύρηνος επεξεργαστής Q9300 socket 775,Μεταχειρισμένο,16.0,https://www.skroutz.gr/skoop/sctXLmtt8E/tetrapyrinos-epexergastis-q9300-socket-775
2026-06-16 01:05:51,Επεξεργαστής Q8400 socket 775,Μεταχειρισμένο,15.0,https://www.skroutz.gr/skoop/nn5x3hbEmm/epexergastis-q8400-socket-775
2026-06-16 01:05:51,Τετραπύρηνος επεξεργαστής Q9400 socket 775,Μεταχειρισμένο,18.0,https://www.skroutz.gr/skoop/Vn6lPbKzMb/tetrapyrinos-epexergastis-q9400-socket-775
2026-06-16 01:05:51,Intel Core i3-3220 – Διπύρηνος επεξεργαστής 3ης γενιάς Ivy Bridge LGA 1155,Ελάχιστα χρησιμοποιημένο,17.0,https://www.skroutz.gr/skoop/ueSWgBQ74u/intel-core-i3-3220-dipyrinos-epexergastis-3is-genias-ivy-bridge-lga-1155
2026-06-16 01:05:51,Intel Core i3-2100 – Διπύρηνος επεξεργαστής 2ης γενιάς LGA 1155,Ελάχιστα χρησιμοποιημένο,13.64,https://www.skroutz.gr/skoop/R8yW3VnF8D/intel-core-i3-2100-dipyrinos-epexergastis-2is-genias-lga-1155
2026-06-16 01:05:51,Intel Core i7-4790K Tray,Μεταχειρισμένο,85.0,https://www.skroutz.gr/skoop/AYkvwDEYQX/intel-core-i7-4790k-tray
2026-06-16 01:05:51,Επεξεργαστής i3 4170 socket 1150,Μεταχειρισμένο,15.0,https://www.skroutz.gr/skoop/q6pcldUAWd/epexergastis-i3-4170-socket-1150
2026-06-16 01:05:51,Intel Core i5-4670K Tray,Μεταχειρισμένο,40.0,https://www.skroutz.gr/skoop/CMvl2kjEvn/intel-core-i5-4670k-tray
2026-06-16 01:05:51,AMD FX 6300 3.5GHz Επεξεργαστής 6 Πυρήνων για Socket AM3+ Tray,Μεταχειρισμένο,30.0,https://www.skroutz.gr/skoop/4Wk9DuE5Kt/amd-fx-6300-3-5ghz-epexergastis-6-pyrinon-gia-socket-am3-tray
2026-06-16 01:05:51,Intel Core i5-6500 Box,Μεταχειρισμένο,35.0,https://www.skroutz.gr/skoop/SkRkFqTx6n/intel-core-i5-6500-box
2026-06-16 01:05:51,Intel Core i5-2500 Tray,Μεταχειρισμένο,19.0,https://www.skroutz.gr/skoop/BYKBZ6aP0a/intel-core-i5-2500-tray
2026-06-16 01:05:51,Intel Core i5-6500 3.2GHz Επεξεργαστής 4 Πυρήνων για Socket 1151 Tray,Ελάχιστα χρησιμοποιημένο,45.0,https://www.skroutz.gr/skoop/YImfKruf17/intel-core-i5-6500-3-2ghz-epexergastis-4-pyrinon-gia-socket-1151-tray
2026-06-16 01:05:51,Επεξεργαστής i7 4770 socket 1150,Μεταχειρισμένο,55.0,https://www.skroutz.gr/skoop/1mYeJ8yhHG/epexergastis-i7-4770-socket-1150
2026-06-16 01:05:51,Επεξεργαστής intel Pentium 4 @2ghz socket 478,Μεταχειρισμένο,20.0,https://www.skroutz.gr/skoop/vAZdQw6GG1/epexergastis-intel-pentium-4-2ghz-socket-478
2026-06-16 01:05:51,AMD Ryzen Threadripper Pro 7975WX 4GHz Επεξεργαστής 32 Πυρήνων για Socket sTR5 σε Κουτί,Ελάχιστα χρησιμοποιημένο,1000.0,https://www.skroutz.gr/skoop/pM04iMCSag/amd-ryzen-threadripper-pro-7975wx-4ghz-epexergastis-32-pyrinon-gia-socket-str5-se-kouti
2026-06-16 01:05:51,Επεξεργαστης CPU SL8ZZ - Intel Pentium 4 3.06GHZ -1MB -533MHz Socket LGA775,Μεταχειρισμένο,10.0,https://www.skroutz.gr/skoop/Dhmnu1yyiL/epexergastis-cpu-sl8zz-intel-pentium-4-3-06ghz-1mb-533mhz-socket-lga775
2026-06-16 01:05:51,Thermalright Ultra-120 eXtreme,Ελάχιστα χρησιμοποιημένο,25.0,https://www.skroutz.gr/skoop/P9Epkmhecv/thermalright-ultra-120-extreme
2026-06-16 01:05:51,Intel Pentium Dual-Core E2160 Box,Μεταχειρισμένο,8.0,https://www.skroutz.gr/skoop/PWcbqubgwZ/intel-pentium-dual-core-e2160-box
2026-06-16 01:05:51,Intel Core 2 Duo E8400 Tray,Μεταχειρισμένο,10.0,https://www.skroutz.gr/skoop/xP6y42fJ2O/intel-core-2-duo-e8400-tray
2026-06-16 01:05:51,Intel Celeron G530,Μεταχειρισμένο,10.0,https://www.skroutz.gr/skoop/0MYUWw7lTj/intel-celeron-g530
2026-06-16 01:05:51,Intel Pentium Dual Core G4400 3.3GHz Επεξεργαστής 2 Πυρήνων για Socket 1151 Tray,Ελάχιστα χρησιμοποιημένο,15.0,https://www.skroutz.gr/skoop/fuJD5afPzU/intel-pentium-dual-core-g4400-3-3ghz-epexergastis-2-pyrinon-gia-socket-1151-tray
2026-06-16 01:05:51,Intel® Core™ i3-3220,Μεταχειρισμένο,25.0,https://www.skroutz.gr/skoop/eOU4PeDSuv/intel-core-i3-3220
2026-06-16 01:05:51,i5-3470,Μεταχειρισμένο,25.0,https://www.skroutz.gr/skoop/QLzVKqJ3m4/i5-3470
2026-06-16 01:05:51,INTEL CPU COOLER 1200 SOCKET,Ελάχιστα χρησιμοποιημένο,15.01,https://www.skroutz.gr/skoop/cmC7HEm93Q/intel-cpu-cooler-1200-socket
2026-06-16 01:05:51,Intel Pentium Dual Core G3260 Tray,Μεταχειρισμένο,20.0,https://www.skroutz.gr/skoop/sHBfhswJrX/intel-pentium-dual-core-g3260-tray
2026-06-16 01:05:51,Intel Celeron Dual Core Celeron G1830 Box 2.8GHz Επεξεργαστής 2 Πυρήνων για Socket 1150 σε Κουτί,Μεταχειρισμένο,20.0,https://www.skroutz.gr/skoop/hKhBLAy2Cf/intel-celeron-dual-core-celeron-g1830-box-2-8ghz-epexergastis-2-pyrinon-gia-socket-1150-se-kouti
2026-06-16 01:05:51,Intel Celeron Dual Core G1820 2.7GHz Επεξεργαστής 2 Πυρήνων για Socket 1150 Tray,Μεταχειρισμένο,20.0,https://www.skroutz.gr/skoop/er3dD10v7M/intel-celeron-dual-core-g1820-2-7ghz-epexergastis-2-pyrinon-gia-socket-1150-tray
2026-06-16 01:05:51,Intel® Core™ i5-4440 Processor,Μεταχειρισμένο,34.0,https://www.skroutz.gr/skoop/KfIOQxELt6/intel-core-i5-4440-processor
2026-06-16 01:05:51,Intel® Core™ i3-3240,Μεταχειρισμένο,20.0,https://www.skroutz.gr/skoop/3YDAkQFrlI/intel-core-i3-3240
2026-06-16 01:05:51,Intel Celeron G540,Μεταχειρισμένο,20.0,https://www.skroutz.gr/skoop/Jf6xJ02Dlp/intel-celeron-g540
2026-06-16 01:05:51,Intel® Core™ i3-2100,Μεταχειρισμένο,20.0,https://www.skroutz.gr/skoop/WMcBoUutJ2/intel-core-i3-2100
2026-06-16 01:05:51,Intel Celeron Dual Core E3300 Box,Μεταχειρισμένο,20.0,https://www.skroutz.gr/skoop/W8jpVeh1rr/intel-celeron-dual-core-e3300-box
2026-06-16 01:05:51,Intel Core 2 Duo E7500,Μεταχειρισμένο,20.0,https://www.skroutz.gr/skoop/ipp5WRH4EY/intel-core-2-duo-e7500
2026-06-16 01:05:51,Intel Core 2 Duo E8400 Box,Μεταχειρισμένο,20.0,https://www.skroutz.gr/skoop/yCvb92MbqW/intel-core-2-duo-e8400-box
2026-06-16 01:05:51,Intel Core 2 Duo E6600 Box,Μεταχειρισμένο,20.0,https://www.skroutz.gr/skoop/i785OhJeFB/intel-core-2-duo-e6600-box
2026-06-16 01:05:51,Intel Core 2 Duo E6300 Box,Μεταχειρισμένο,20.0,https://www.skroutz.gr/skoop/HauzMrfTzh/intel-core-2-duo-e6300-box
2026-06-16 01:05:51,AMD Ryzen 3 1300X Tray,Μεταχειρισμένο,30.0,https://www.skroutz.gr/skoop/Pgaiosv1zj/amd-ryzen-3-1300x-tray
2026-06-16 01:05:51,AMD Ryzen 5 2600X Tray,Ελάχιστα χρησιμοποιημένο,90.0,https://www.skroutz.gr/skoop/l2fpTgt3OC/amd-ryzen-5-2600x-tray
2026-06-16 01:05:51,Intel Pentium Dual Core G4400 3.3GHz Επεξεργαστής 2 Πυρήνων για Socket 1151 σε Κουτί με Ψύκτρα,Ελάχιστα χρησιμοποιημένο,21.0,https://www.skroutz.gr/skoop/ZZFBVFaZwG/intel-pentium-dual-core-g4400-3-3ghz-epexergastis-2-pyrinon-gia-socket-1151-se-kouti-me-psyktra
2026-06-16 01:05:51,Intel Core i5-7600K 3.8GHz Processor 4 Core for Socket 1151 Tray,Ελάχιστα χρησιμοποιημένο,79.99,https://www.skroutz.gr/skoop/UToXYq16WC/intel-core-i5-7600k-3-8ghz-processor-4-core-for-socket-1151-tray
2026-06-16 01:05:51,"INTEL CORE2DUO E7600 3,06GHz LGA775",Μεταχειρισμένο,19.0,https://www.skroutz.gr/skoop/npwDHtYS2F/intel-core2duo-e7600-3-06ghz-lga775
2026-06-16 01:05:51,I7-3930K,Μεταχειρισμένο,25.0,https://www.skroutz.gr/skoop/2f4U6w1X0L/i7-3930k
2026-06-16 01:05:51,AMD Ryzen 5 2600 3.4GHz Επεξεργαστής 6 Πυρήνων για Socket AM4 σε Κουτί με Ψύκτρα,Ελάχιστα χρησιμοποιημένο,50.0,https://www.skroutz.gr/skoop/LIhuFSsCQu/amd-ryzen-5-2600-3-4ghz-epexergastis-6-pyrinon-gia-socket-am4-se-kouti-me-psyktra
2026-06-16 01:05:51,Ryzen 5 2600,Ελάχιστα χρησιμοποιημένο,45.0,https://www.skroutz.gr/skoop/n5fKe720sR/ryzen-5-2600
2026-06-16 01:05:51,Intel Celeron Dual Core Celeron G1830 Box 2.8GHz Επεξεργαστής 2 Πυρήνων για Socket 1150 σε Κουτί,Μεταχειρισμένο,20.0,https://www.skroutz.gr/skoop/0rpD6FSnLC/intel-celeron-dual-core-celeron-g1830-box-2-8ghz-epexergastis-2-pyrinon-gia-socket-1150-se-kouti
2026-06-16 01:05:51,Intel Core i5-4690K Box,Ελάχιστα χρησιμοποιημένο,55.0,https://www.skroutz.gr/skoop/eSQyBCSGlc/intel-core-i5-4690k-box
2026-06-16 01:05:51,AMD Ryzen 5 2600 3.4GHz CPU,Μεταχειρισμένο,50.0,https://www.skroutz.gr/skoop/DOLFRFn4mW/amd-ryzen-5-2600-3-4ghz-cpu
2026-06-16 01:05:51,AMD FX-8150 3.6GHZ (up to 4.2 GHz) 8-CORE BLACK EDITION AM3+,Μεταχειρισμένο,79.0,https://www.skroutz.gr/skoop/8zjz5MhIUO/amd-fx-8150-3-6ghz-up-to-4-2-ghz-8-core-black-edition-am3
2026-06-16 01:05:51,Intel i3-7100 3.90ghz,Μεταχειρισμένο,40.0,https://www.skroutz.gr/skoop/x3WCv2zotb/intel-i3-7100-3-90ghz
2026-06-16 01:05:51,"Επεξεργαστής Intel i7 920 / 1366 / 2,66GHz",Μεταχειρισμένο,18.0,https://www.skroutz.gr/skoop/0uo4YadHa9/epexergastis-intel-i7-920-1366-2-66ghz
2026-06-16 01:05:51,Intel Celeron Dual Core G1840T Tray,Μεταχειρισμένο,12.0,https://www.skroutz.gr/skoop/PW48l0I8ww/intel-celeron-dual-core-g1840t-tray
2026-06-16 13:26:20,AMD Ryzen 7 5700X 3.4GHz Επεξεργαστής 8 Πυρήνων για Socket AM4 Tray,Καινούριο,140.0,https://www.skroutz.gr/skoop/RL4S1ZE1zZ/amd-ryzen-7-5700x-3-4ghz-epexergastis-8-pyrinon-gia-socket-am4-tray
2026-06-17 06:55:22,AMD Ryzen 5 8500G 3.5GHz Επεξεργαστής 6 Πυρήνων για Socket AM5 σε Κουτί με Ψύκτρα,Καινούριο,1049.0,https://www.skroutz.gr/skoop/JiahaTjHHI/amd-ryzen-5-8500g-3-5ghz-epexergastis-6-pyrinon-gia-socket-am5-se-kouti-me-psyktra
2026-06-17 06:55:22,Intel Core i9-12900K 2.4GHz Επεξεργαστής 16 Πυρήνων για Socket 1700 σε Κουτί,Ελάχιστα χρησιμοποιημένο,320.0,https://www.skroutz.gr/skoop/RXpX8EpoRH/intel-core-i9-12900k-2-4ghz-epexergastis-16-pyrinon-gia-socket-1700-se-kouti
2026-06-17 10:40:37,AMD Wraith Prism CPU Cooler 712-000075 καινούργιο με RGB φωτισμό,Καινούριο,32.0,https://www.skroutz.gr/skoop/W0lPpBTKKA/amd-wraith-prism-cpu-cooler-712-000075-kainourgio-me-rgb-fotismo
2026-06-17 17:41:00,Ηλεκτρονικό τσιγάρο,Ελάχιστα χρησιμοποιημένο,10.0,https://www.skroutz.gr/skoop/1XG2oQQOjt/ilektroniko-tsigaro
2026-06-17 17:41:00,Stock ψυκτρες ΑMD,Καινούριο,20.0,https://www.skroutz.gr/skoop/eYCxFEtAO2/stock-psyktres-amd
2026-06-18 20:59:35,AMD Ryzen 5 5600 3.5GHz Επεξεργαστής 6 Πυρήνων για Socket AM4 Tray,Ελάχιστα χρησιμοποιημένο,105.0,https://www.skroutz.gr/skoop/ZObsboHHhX/amd-ryzen-5-5600-3-5ghz-epexergastis-6-pyrinon-gia-socket-am4-tray
2026-06-18 20:59:35,AMD Ryzen 5 3600X 3.8GHz Επεξεργαστής 6 Πυρήνων για Socket AM4 Tray,Μεταχειρισμένο,65.0,https://www.skroutz.gr/skoop/97ZORcukzr/amd-ryzen-5-3600x-3-8ghz-epexergastis-6-pyrinon-gia-socket-am4-tray
2026-06-18 20:59:35,AMD Ryzen 9 9950X 4.3GHz Επεξεργαστής 16 Πυρήνων για Socket AM5 Tray,Ελάχιστα χρησιμοποιημένο,365.0,https://www.skroutz.gr/skoop/CrGfCUPy85/amd-ryzen-9-9950x-4-3ghz-epexergastis-16-pyrinon-gia-socket-am5-tray
2026-06-18 20:59:35,"Intel i3-9100F, socket 1151 rev. 2 (3.6-4.2GHz) 65W (4c/4t)",Μεταχειρισμένο,19.0,https://www.skroutz.gr/skoop/cYDoPppCR4/intel-i3-9100f-socket-1151-rev-2-3-6-4-2ghz-65w-4c-4t
2026-06-18 20:59:35,AMD Ryzen 7 9800X3D 4.7GHz Επεξεργαστής 8 Πυρήνων για Socket AM5 σε Κουτί,Καινούριο,365.0,https://www.skroutz.gr/skoop/6tqVDvipQH/amd-ryzen-7-9800x3d-4-7ghz-epexergastis-8-pyrinon-gia-socket-am5-se-kouti
2026-06-18 20:59:35,Intel Core i7-11700K 3.6GHz Επεξεργαστής 8 Πυρήνων για Socket 1200 σε Κουτί,Μεταχειρισμένο,180.0,https://www.skroutz.gr/skoop/v94rg7d2bc/intel-core-i7-11700k-3-6ghz-epexergastis-8-pyrinon-gia-socket-1200-se-kouti
2026-06-18 20:59:35,AMD Ryzen 7 9800X3D 4.7GHz Επεξεργαστής 8 Πυρήνων για Socket AM5 σε Κουτί,Καινούριο,349.9,https://www.skroutz.gr/skoop/ljhJxVGPvk/amd-ryzen-7-9800x3d-4-7ghz-epexergastis-8-pyrinon-gia-socket-am5-se-kouti
2026-06-19 15:37:58,i5-2500K + aftermarket cooler!,Ελάχιστα χρησιμοποιημένο,30.0,https://www.skroutz.gr/skoop/2CU160pdjy/i5-2500k-aftermarket-cooler
2026-06-19 15:37:58,AMD Ryzen 7 7800X3D 4.2GHz Επεξεργαστής 8 Πυρήνων για Socket AM5 Tray,Ελάχιστα χρησιμοποιημένο,245.0,https://www.skroutz.gr/skoop/tP0W6iMQIt/amd-ryzen-7-7800x3d-4-2ghz-epexergastis-8-pyrinon-gia-socket-am5-tray
2026-06-19 15:48:17,Intel Core i5-9600K Tray,Ελάχιστα χρησιμοποιημένο,54.9,https://www.skroutz.gr/skoop/pHdLRA34bs/intel-core-i5-9600k-tray
2026-06-19 23:12:31,Intel Core i7-4770K,Μεταχειρισμένο,50.0,https://www.skroutz.gr/skoop/JXyegnEzT8/intel-core-i7-4770k
2026-06-19 23:12:31,Intel Core i7-8700K Box,Μεταχειρισμένο,106.0,https://www.skroutz.gr/skoop/e606xazqLe/intel-core-i7-8700k-box
2026-06-20 02:37:12,Intel Core i5-12600KF 2.8GHz Επεξεργαστής 10 Πυρήνων για Socket 1700 σε Κουτί,Ελάχιστα χρησιμοποιημένο,130.0,https://www.skroutz.gr/skoop/PHzhm3B6Io/intel-core-i5-12600kf-2-8ghz-epexergastis-10-pyrinon-gia-socket-1700-se-kouti
2026-06-20 02:37:12,AMD Ryzen 7 5700X 3.4GHz Επεξεργαστής 8 Πυρήνων για Socket AM4 Tray,Καινούριο,130.0,https://www.skroutz.gr/skoop/3mYOMIA3dg/amd-ryzen-7-5700x-3-4ghz-epexergastis-8-pyrinon-gia-socket-am4-tray
2026-06-20 20:36:42,AMD Ryzen 5 3600 3.6GHz Processor 6 Core for Socket AM4 in Box,Μεταχειρισμένο,80.0,https://www.skroutz.gr/skoop/y8sj2O4RuK/amd-ryzen-5-3600-3-6ghz-processor-6-core-for-socket-am4-in-box
2026-06-20 20:36:42,AMD Ryzen 5 5600X 3.7GHz Processor 6 Cores for Socket AM4 in Box with Heatsink,Ελάχιστα χρησιμοποιημένο,115.0,https://www.skroutz.gr/skoop/k5bhBpGYA9/amd-ryzen-5-5600x-3-7ghz-processor-6-cores-for-socket-am4-in-box-with-heatsink
2026-06-20 20:36:42,AMD Ryzen 3 2200G Tray,Ελάχιστα χρησιμοποιημένο,20.0,https://www.skroutz.gr/skoop/BprjnpMukb/amd-ryzen-3-2200g-tray
2026-06-20 20:36:42,AMD ryzen 3 3200G,Ελάχιστα χρησιμοποιημένο,32.0,https://www.skroutz.gr/skoop/vaVwX9Kbte/amd-ryzen-3-3200g
2026-06-20 22:48:47,AMD Ryzen 7 5700X 3.4GHz Επεξεργαστής 8 Πυρήνων για Socket AM4 Tray,Καινούριο,130.0,https://www.skroutz.gr/skoop/Smun0egVig/amd-ryzen-7-5700x-3-4ghz-epexergastis-8-pyrinon-gia-socket-am4-tray
2026-06-20 22:48:47,Intel Core i5-12600KF 2.8GHz Επεξεργαστής 10 Πυρήνων για Socket 1700 σε Κουτί ΜΕ ΕΝΕΡΓΗ ΕΓΓΥΗΣΗ,Ελάχιστα χρησιμοποιημένο,130.0,https://www.skroutz.gr/skoop/PHzhm3B6Io/intel-core-i5-12600kf-2-8ghz-epexergastis-10-pyrinon-gia-socket-1700-se-kouti-me-energi-eggyisi
2026-06-22 15:49:18,AMD Ryzen 7 4.7GHz Επεξεργαστής 8 Πυρήνων για Socket AM5 σε Κουτί,Καινούριο,385.0,https://www.skroutz.gr/skoop/2HcHGuLxs3/amd-ryzen-7-4-7ghz-epexergastis-8-pyrinon-gia-socket-am5-se-kouti
2026-06-22 15:49:18,Dynatron CPU cooler heatsink ψύχτρα LGA1150 καινούργιο,Καινούριο,20.0,https://www.skroutz.gr/skoop/9euiQhUxtO/dynatron-cpu-cooler-heatsink-psychtra-lga1150-kainourgio
2026-06-23 01:41:39,AMD Ryzen 5 2600 3.4GHz Επεξεργαστής 6 Πυρήνων για Socket AM4 σε Κουτί με Ψύκτρα,Μεταχειρισμένο,35.0,https://www.skroutz.gr/skoop/GbuGzWlgxF/amd-ryzen-5-2600-3-4ghz-epexergastis-6-pyrinon-gia-socket-am4-se-kouti-me-psyktra
2026-06-23 01:41:39,Intel Core i3-10105 3.7GHz Επεξεργαστής 4 Πυρήνων για Socket 1200 σε Κουτί με Ψύκτρα,Ελάχιστα χρησιμοποιημένο,50.0,https://www.skroutz.gr/skoop/gBLuT8UXYX/intel-core-i3-10105-3-7ghz-epexergastis-4-pyrinon-gia-socket-1200-se-kouti-me-psyktra
2026-06-23 01:41:39,Intel Core i5-3350P,Μεταχειρισμένο,20.0,https://www.skroutz.gr/skoop/PmLYqVBb6H/intel-core-i5-3350p
2026-06-23 02:35:34,AMD Ryzen 5 5600X 3.7GHz Επεξεργαστής 6 Πυρήνων για Socket AM4 σε Tray με Ψύκτρα,Ελάχιστα χρησιμοποιημένο,100.0,https://www.skroutz.gr/skoop/33rfAsQmh6/amd-ryzen-5-5600x-3-7ghz-epexergastis-6-pyrinon-gia-socket-am4-se-tray-me-psyktra
2026-06-23 03:18:00,AMD Ryzen 7 5700X 3.4GHz Επεξεργαστής 8 Πυρήνων για Socket AM4 Tray,Καινούριο,149.99,https://www.skroutz.gr/skoop/TlIEgDndt5/amd-ryzen-7-5700x-3-4ghz-epexergastis-8-pyrinon-gia-socket-am4-tray
2026-06-23 18:25:31,Intel Core i5-12400F 2.5GHz Επεξεργαστής 6 Πυρήνων για Socket 1700 σε Κουτί με Ψύκτρα,Ελάχιστα χρησιμοποιημένο,110.0,https://www.skroutz.gr/skoop/TEXvTFevRT/intel-core-i5-12400f-2-5ghz-epexergastis-6-pyrinon-gia-socket-1700-se-kouti-me-psyktra
2026-06-23 18:25:31,AMD Ryzen 3 3200G 3.6GHz Επεξεργαστής 4 Πυρήνων για Socket AM4 Tray,Ελάχιστα χρησιμοποιημένο,27.99,https://www.skroutz.gr/skoop/HbtqLzotb8/amd-ryzen-3-3200g-3-6ghz-epexergastis-4-pyrinon-gia-socket-am4-tray
2026-06-23 18:25:31,Ryzen 5 5500X3D AM4,Ελάχιστα χρησιμοποιημένο,230.0,https://www.skroutz.gr/skoop/mk5Zw9cj4B/ryzen-5-5500x3d-am4
2026-06-23 18:25:31,"INTEL CPU Xeon E5410, 2.33GHz, 12M Cache, LGA771 C-E5410",Μεταχειρισμένο,35.0,https://www.skroutz.gr/skoop/7gPFFhCeia/intel-cpu-xeon-e5410-2-33ghz-12m-cache-lga771-c-e5410
2026-06-23 18:25:31,"INTEL CPUx2 Xeon E5410, 2.33GHz, 12M Cache, LGA771 C-E5410",Μεταχειρισμένο,60.0,https://www.skroutz.gr/skoop/Zu9kxdGVGv/intel-cpux2-xeon-e5410-2-33ghz-12m-cache-lga771-c-e5410
2026-06-24 00:09:27,AMD Ryzen 3 3200G 3.6GHz Επεξεργαστής 4 Πυρήνων για Socket AM4 με ψυκτρα,Ελάχιστα χρησιμοποιημένο,27.99,https://www.skroutz.gr/skoop/HbtqLzotb8/amd-ryzen-3-3200g-3-6ghz-epexergastis-4-pyrinon-gia-socket-am4-me-psyktra
2026-06-24 05:04:44,AMD Ryzen 5 5600G 3.9GHz Επεξεργαστής 6 Πυρήνων για Socket AM4 Tray,Ελάχιστα χρησιμοποιημένο,135.0,https://www.skroutz.gr/skoop/0xzKOWbL3z/amd-ryzen-5-5600g-3-9ghz-epexergastis-6-pyrinon-gia-socket-am4-tray
2026-06-24 05:04:44,AMD Ryzen 7 5800X 3.8GHz Επεξεργαστής 8 Πυρήνων για Socket AM4 σε Κουτί,Ελάχιστα χρησιμοποιημένο,170.0,https://www.skroutz.gr/skoop/C5lOwSQffF/amd-ryzen-7-5800x-3-8ghz-epexergastis-8-pyrinon-gia-socket-am4-se-kouti
2026-06-24 13:07:37,AMD Ryzen 7 9800X3D 4.7GHz Επεξεργαστής 8 Πυρήνων για Socket AM5 σε Κουτί,Καινούριο,370.0,https://www.skroutz.gr/skoop/8lgPDiaRbk/amd-ryzen-7-9800x3d-4-7ghz-epexergastis-8-pyrinon-gia-socket-am5-se-kouti
2026-06-24 13:07:37,AMD Ryzen 5 5600 3.5GHz Επεξεργαστής 6 Πυρήνων για Socket AM4 Tray,Μεταχειρισμένο,70.0,https://www.skroutz.gr/skoop/wyqCMn9PB5/amd-ryzen-5-5600-3-5ghz-epexergastis-6-pyrinon-gia-socket-am4-tray
2026-06-24 14:21:39,AMD Ryzen 3 3200G (με ενσωματωμένα γραφικά Vega 8) + Ψύκτρα AMD Wraith Stealth,Μεταχειρισμένο,50.0,https://www.skroutz.gr/skoop/nEXV4ZUbVB/amd-ryzen-3-3200g-me-ensomatomena-grafika-vega-8-psyktra-amd-wraith-stealth
2026-06-24 15:22:38,AMD Ryzen 5 2600X Tray,Μεταχειρισμένο,40.0,https://www.skroutz.gr/skoop/unvbQLAv1S/amd-ryzen-5-2600x-tray
2026-06-24 16:25:33,Intel Core i3-7100 3.9GHz Επεξεργαστής 2 Πυρήνων για Socket 1151 σε Κουτί με Ψύκτρα,Ελάχιστα χρησιμοποιημένο,10.0,https://www.skroutz.gr/skoop/l38iOAcynd/intel-core-i3-7100-3-9ghz-epexergastis-2-pyrinon-gia-socket-1151-se-kouti-me-psyktra
2026-06-24 16:38:30,AMD Ryzen 5 7600X 4.7GHz Processor 6 Core for Socket AM5 in Box,Μεταχειρισμένο,99.0,https://www.skroutz.gr/skoop/hcKm3y7eVs/amd-ryzen-5-7600x-4-7ghz-processor-6-core-for-socket-am5-in-box
2026-06-24 21:06:45,Intel Core i3-6100 3.7GHz Επεξεργαστής 2 Πυρήνων για Socket 1151 Tray,Μεταχειρισμένο,8.0,https://www.skroutz.gr/skoop/OvyD8JYhBC/intel-core-i3-6100-3-7ghz-epexergastis-2-pyrinon-gia-socket-1151-tray
2026-06-24 21:56:59,AMD Ryzen 5 2600 Tray,Ελάχιστα χρησιμοποιημένο,52.99,https://www.skroutz.gr/skoop/wonRZLZISn/amd-ryzen-5-2600-tray
2026-06-25 13:58:24,AMD Ryzen 7 5800X 3.8GHz Επεξεργαστής 8 Πυρήνων για Socket AM4 σε Κουτί,Καινούριο,320.0,https://www.skroutz.gr/skoop/mTvL4rMLC1/amd-ryzen-7-5800x-3-8ghz-epexergastis-8-pyrinon-gia-socket-am4-se-kouti
2026-06-25 13:58:24,AMD Ryzen 5 8600G 4.3GHz Processor 6 Core for Socket AM5 Tray,Μεταχειρισμένο,100.0,https://www.skroutz.gr/skoop/q9vIIExmmr/amd-ryzen-5-8600g-4-3ghz-processor-6-core-for-socket-am5-tray
2026-06-25 14:12:55,AMD Ryzen 7 5800X 3.8GHz Επεξεργαστής 8 Πυρήνων για Socket AM4 σε Κουτί,Ελάχιστα χρησιμοποιημένο,320.0,https://www.skroutz.gr/skoop/bRbIrx34CP/amd-ryzen-7-5800x-3-8ghz-epexergastis-8-pyrinon-gia-socket-am4-se-kouti
2026-06-26 16:41:08,AMD Ryzen 7 5800XT 3.8GHz Επεξεργαστής 8 Πυρήνων για Socket AM4 σε Κουτί με Ψύκτρα,Ελάχιστα χρησιμοποιημένο,180.0,https://www.skroutz.gr/skoop/2A42rMtily/amd-ryzen-7-5800xt-3-8ghz-epexergastis-8-pyrinon-gia-socket-am4-se-kouti-me-psyktra
2026-06-26 16:41:08,AMD Ryzen 5 5600X 3.7GHz Επεξεργαστής 6 Πυρήνων για Socket AM4 Tray,Ελάχιστα χρησιμοποιημένο,105.82,https://www.skroutz.gr/skoop/wGrBR66fXn/amd-ryzen-5-5600x-3-7ghz-epexergastis-6-pyrinon-gia-socket-am4-tray
2026-06-26 16:41:08,AMD Ryzen 7 5700G 3.8GHz Επεξεργαστής 8 Πυρήνων για Socket AM4 σε Κουτί με Ψύκτρα,Μεταχειρισμένο,135.0,https://www.skroutz.gr/skoop/hBm0Qi48UC/amd-ryzen-7-5700g-3-8ghz-epexergastis-8-pyrinon-gia-socket-am4-se-kouti-me-psyktra
2026-06-26 16:41:08,INTEL CORE 2 DUO T9300 2.50GHZ,Ελάχιστα χρησιμοποιημένο,48.0,https://www.skroutz.gr/skoop/eSb4SjzQXU/intel-core-2-duo-t9300-2-50ghz
2026-06-26 16:41:08,AMD Ryzen 5 4600G BOX+COOLER,Ελάχιστα χρησιμοποιημένο,93.01,https://www.skroutz.gr/skoop/J7TGJUrMwJ/amd-ryzen-5-4600g-box-cooler
2026-06-26 16:41:08,Intel Core i5-8600K 3.6GHz Επεξεργαστής 6 Πυρήνων για Socket 1151 rev 2 σε Κουτί,Μεταχειρισμένο,50.0,https://www.skroutz.gr/skoop/FHyQtvDsxb/intel-core-i5-8600k-3-6ghz-epexergastis-6-pyrinon-gia-socket-1151-rev-2-se-kouti
2026-06-26 17:34:31,Intel Core i7-12700KF Tray,Μεταχειρισμένο,245.0,https://www.skroutz.gr/skoop/BBIPa657Vz/intel-core-i7-12700kf-tray
2026-06-26 19:18:35,Intel Core i5-10400F 2.9GHz Επεξεργαστής 6 Πυρήνων για Socket 1200 σε Κουτί με Ψύκτρα,Μεταχειρισμένο,50.0,https://www.skroutz.gr/skoop/hLEPUlMQv6/intel-core-i5-10400f-2-9ghz-epexergastis-6-pyrinon-gia-socket-1200-se-kouti-me-psyktra
2026-06-27 03:44:28,AMD Ryzen 7 5700X 3.4GHz Επεξεργαστής 8 Πυρήνων για Socket AM4 Tray,Καινούριο,130.0,https://www.skroutz.gr/skoop/32qRU8U7EI/amd-ryzen-7-5700x-3-4ghz-epexergastis-8-pyrinon-gia-socket-am4-tray
2026-06-27 15:13:14,Intel Pentium 4,Ελάχιστα χρησιμοποιημένο,10.0,https://www.skroutz.gr/skoop/qfzUb1E6b2/intel-pentium-4
2026-06-27 17:16:33,Intel Core i7-14700KF 2.5GHz Επεξεργαστής 20 Πυρήνων για Socket 1700 σε Κουτί,Ελάχιστα χρησιμοποιημένο,280.0,https://www.skroutz.gr/skoop/XzAhLRGIRx/intel-core-i7-14700kf-2-5ghz-epexergastis-20-pyrinon-gia-socket-1700-se-kouti
2026-06-28 00:31:11,AMD FX-8350 Tray,Μεταχειρισμένο,55.0,https://www.skroutz.gr/skoop/Mbv1rRsKSr/amd-fx-8350-tray
2026-06-28 16:31:52,AMD Ryzen 9 5900X 3.7GHz Επεξεργαστής 12 Πυρήνων για Socket AM4 σε Κουτί,Ελάχιστα χρησιμοποιημένο,300.0,https://www.skroutz.gr/skoop/oiucOC2P1n/amd-ryzen-9-5900x-3-7ghz-epexergastis-12-pyrinon-gia-socket-am4-se-kouti
2026-06-28 16:31:52,Intel Core i9-14900K 2.4GHz Επεξεργαστής 24 Πυρήνων για Socket 1700 Tray,Μεταχειρισμένο,420.0,https://www.skroutz.gr/skoop/aM3PRQrg0s/intel-core-i9-14900k-2-4ghz-epexergastis-24-pyrinon-gia-socket-1700-tray
2026-06-28 16:31:52,Intel Core 2 Duo E8400,Ελάχιστα χρησιμοποιημένο,10.0,https://www.skroutz.gr/skoop/lLdTEXb5dG/intel-core-2-duo-e8400
2026-06-28 16:31:52,Intel Core i5-2500K,Ελάχιστα χρησιμοποιημένο,25.0,https://www.skroutz.gr/skoop/SWX8eev1Or/intel-core-i5-2500k
2026-06-28 16:31:52,AMD Ryzen 5 3600 3.6GHz Επεξεργαστής 6 Πυρήνων για Socket AM4 σε Κουτί,Ελάχιστα χρησιμοποιημένο,75.0,https://www.skroutz.gr/skoop/LgCj72bvEt/amd-ryzen-5-3600-3-6ghz-epexergastis-6-pyrinon-gia-socket-am4-se-kouti
2026-06-28 16:31:52,AMD Ryzen 5 5600G 3.9GHz Επεξεργαστής 6 Πυρήνων για Socket AM4 σε Κουτί με Ψύκτρα,Ελάχιστα χρησιμοποιημένο,120.0,https://www.skroutz.gr/skoop/FCGXThotqs/amd-ryzen-5-5600g-3-9ghz-epexergastis-6-pyrinon-gia-socket-am4-se-kouti-me-psyktra
2026-06-28 16:31:52,Intel Core i7-9700 3GHz Επεξεργαστής 8 Πυρήνων για Socket 1151 rev 2 BOX WHITE COOLER,Ελάχιστα χρησιμοποιημένο,170.0,https://www.skroutz.gr/skoop/MDFsz34Ach/intel-core-i7-9700-3ghz-epexergastis-8-pyrinon-gia-socket-1151-rev-2-box-white-cooler
2026-06-28 16:48:03,Intel PENTIUM D 945 3.40/4M/800/05A,Μεταχειρισμένο,10.0,https://www.skroutz.gr/skoop/Kr0PEdmlqk/intel-pentium-d-945-3-40-4m-800-05a
2026-06-28 16:49:30,AMD Ryzen 5 7600X 4.7GHz Επεξεργαστής 6 Πυρήνων για Socket AM5 σε Κουτί,Ελάχιστα χρησιμοποιημένο,120.0,https://www.skroutz.gr/skoop/YK4lOFtjAu/amd-ryzen-5-7600x-4-7ghz-epexergastis-6-pyrinon-gia-socket-am5-se-kouti
2026-06-28 19:00:58,AMD Ryzen 5 2600X 3.6GHz Επεξεργαστής 6 Πυρήνων για Socket AM4 σε Κουτί με Ψύκτρα,Μεταχειρισμένο,45.0,https://www.skroutz.gr/skoop/Kzl7zFSXyY/amd-ryzen-5-2600x-3-6ghz-epexergastis-6-pyrinon-gia-socket-am4-se-kouti-me-psyktra
2026-06-28 20:03:58,Intel Core i5-10400 2.9GHz Επεξεργαστής 6 Πυρήνων για Socket 1200 χωρις κουτι με Ψύκτρα,Μεταχειρισμένο,120.0,https://www.skroutz.gr/skoop/www1ReRan3/intel-core-i5-10400-2-9ghz-epexergastis-6-pyrinon-gia-socket-1200-choris-kouti-me-psyktra
2026-06-29 16:42:31,AMD Ryzen 7 5800X Tray,Ελάχιστα χρησιμοποιημένο,170.0,https://www.skroutz.gr/skoop/tscauvCSbZ/amd-ryzen-7-5800x-tray
2026-06-29 16:42:31,AMD Ryzen 5 4600G 3.7GHz Επεξεργαστής 6 Πυρήνων για Socket AM4 Tray,Ελάχιστα χρησιμοποιημένο,96.0,https://www.skroutz.gr/skoop/Zej3gvcdio/amd-ryzen-5-4600g-3-7ghz-epexergastis-6-pyrinon-gia-socket-am4-tray
2026-06-29 22:14:59,Intel Core 2 Quad Q9650,Μεταχειρισμένο,65.0,https://www.skroutz.gr/skoop/JmIQaRmxGl/intel-core-2-quad-q9650
2026-06-29 23:48:32,AMD Ryzen 5 5600 3.5GHz Επεξεργαστής 6 Πυρήνων για Socket AM4 Tray,Μεταχειρισμένο,70.0,https://www.skroutz.gr/skoop/99VXYrBx2p/amd-ryzen-5-5600-3-5ghz-epexergastis-6-pyrinon-gia-socket-am4-tray
2026-06-30 22:19:46,Intel Core i5-8600K Tray,Μεταχειρισμένο,50.0,https://www.skroutz.gr/skoop/28JvZk7wxp/intel-core-i5-8600k-tray
2026-07-01 15:16:27,AMD Ryzen 5 5600G 3.9GHz Επεξεργαστής 6 Πυρήνων για Socket AM4 Tray,Ελάχιστα χρησιμοποιημένο,90.0,https://www.skroutz.gr/skoop/kPKufSAPeJ/amd-ryzen-5-5600g-3-9ghz-epexergastis-6-pyrinon-gia-socket-am4-tray
2026-07-01 19:45:54,AMD Ryzen 5 3600 3.6GHz Επεξεργαστής 6 Πυρήνων για Socket AM4 Tray,Μεταχειρισμένο,65.0,https://www.skroutz.gr/skoop/zcntlT7T3V/amd-ryzen-5-3600-3-6ghz-epexergastis-6-pyrinon-gia-socket-am4-tray
2026-07-01 20:15:11,AMD Athlon II X2 250/3.0Ghz (Socket AM2/AM2+),Ελάχιστα χρησιμοποιημένο,8.0,https://www.skroutz.gr/skoop/aqspO2hpS5/amd-athlon-ii-x2-250-3-0ghz-socket-am2-am2
2026-07-01 21:35:24,AMD Ryzen 9 7950X 4.5GHz Επεξεργαστής 16 Πυρήνων για Socket AM5 Tray,Ελάχιστα χρησιμοποιημένο,420.0,https://www.skroutz.gr/skoop/eUMpdkK7Ev/amd-ryzen-9-7950x-4-5ghz-epexergastis-16-pyrinon-gia-socket-am5-tray
2026-07-02 13:34:19,Intel Core i3-10105 3.7GHz Επεξεργαστής 4 Πυρήνων για Socket 1200 σε Κουτί με Ψύκτρα,Μεταχειρισμένο,45.0,https://www.skroutz.gr/skoop/UO2QHRGi52/intel-core-i3-10105-3-7ghz-epexergastis-4-pyrinon-gia-socket-1200-se-kouti-me-psyktra
2026-07-02 13:34:19,Intel Core i7-7700K Tray,Μεταχειρισμένο,120.0,https://www.skroutz.gr/skoop/LoK1uRzmHy/intel-core-i7-7700k-tray
2026-07-03 02:42:44,AMD Ryzen 7 5700X 3.4GHz Επεξεργαστής 8 Πυρήνων για Socket AM4 Tray,Καινούριο,130.0,https://www.skroutz.gr/skoop/Mq6qyGoBe9/amd-ryzen-7-5700x-3-4ghz-epexergastis-8-pyrinon-gia-socket-am4-tray
2026-07-03 02:42:44,AMD FX-8350 Tray,Μεταχειρισμένο,45.0,https://www.skroutz.gr/skoop/O05nssJ9Hr/amd-fx-8350-tray
2026-07-03 02:42:44,AMD Ryzen 7 5800XT 3.8GHz Επεξεργαστής 8 Πυρήνων για Socket AM4 σε Κουτί με Ψύκτρα,Καινούριο,215.0,https://www.skroutz.gr/skoop/gKPFFGAp4k/amd-ryzen-7-5800xt-3-8ghz-epexergastis-8-pyrinon-gia-socket-am4-se-kouti-me-psyktra
2026-07-03 02:42:44,AMD Ryzen 5 9600X 3.9GHz Επεξεργαστής 6 Πυρήνων για Socket AM5 σε Κουτί,Μεταχειρισμένο,140.0,https://www.skroutz.gr/skoop/bK21iHAxRR/amd-ryzen-5-9600x-3-9ghz-epexergastis-6-pyrinon-gia-socket-am5-se-kouti
2026-07-03 03:52:42,Intel Core i3-9100F 3.6GHz Επεξεργαστής 4 Πυρήνων για Socket 1151 rev 2 σε Κουτί με Ψύκτρα,Ελάχιστα χρησιμοποιημένο,80.0,https://www.skroutz.gr/skoop/mFeJIz9gZr/intel-core-i3-9100f-3-6ghz-epexergastis-4-pyrinon-gia-socket-1151-rev-2-se-kouti-me-psyktra
2026-07-03 09:55:46,AMD Ryzen 9 5900X 3.7GHz Επεξεργαστής 12 Πυρήνων για Socket AM4 σε Κουτί,Καινούριο,500.0,https://www.skroutz.gr/skoop/sZ4rjqLS4z/amd-ryzen-9-5900x-3-7ghz-epexergastis-12-pyrinon-gia-socket-am4-se-kouti
2026-07-04 04:14:38,AMD Ryzen 5 3600 3.6GHz Επεξεργαστής 6 Πυρήνων για Socket AM4 Tray,Καινούριο,70.0,https://www.skroutz.gr/skoop/Zn3MAYtGsj/amd-ryzen-5-3600-3-6ghz-epexergastis-6-pyrinon-gia-socket-am4-tray
2026-07-04 04:14:38,Intel Core i5-10400F 2.9GHz Επεξεργαστής 6 Πυρήνων για Socket 1200 ΤΡΑΥ,Ελάχιστα χρησιμοποιημένο,83.0,https://www.skroutz.gr/skoop/CMnCEIYg5v/intel-core-i5-10400f-2-9ghz-epexergastis-6-pyrinon-gia-socket-1200-tray
2026-07-04 16:57:04,AMD Ryzen 3 2200G 3.5GHz Επεξεργαστής 4 Πυρήνων για Socket AM4 σε Κουτί με Ψύκτρα,Καινούριο,40.0,https://www.skroutz.gr/skoop/8tZ4C7t0Ih/amd-ryzen-3-2200g-3-5ghz-epexergastis-4-pyrinon-gia-socket-am4-se-kouti-me-psyktra
2026-07-04 19:44:30,Intel Core i3-6100 3.7GHz Επεξεργαστής 2 Πυρήνων για Socket 1151 Tray,Μεταχειρισμένο,20.0,https://www.skroutz.gr/skoop/gaIThbHpdE/intel-core-i3-6100-3-7ghz-epexergastis-2-pyrinon-gia-socket-1151-tray
2026-07-05 03:01:11,Ryzen 5 1600,Μεταχειρισμένο,40.0,https://www.skroutz.gr/skoop/0x0tZ54q9R/ryzen-5-1600
2026-07-05 03:01:11,Intel CPU Cooler LGA1700 Heatsink & Fan CORE I3-12400/I5-12700/15-13600/I7-13700 --new-,Καινούριο,15.0,https://www.skroutz.gr/skoop/Xg9ohPvaa7/intel-cpu-cooler-lga1700-heatsink-fan-core-i3-12400-i5-12700-15-13600-i7-13700-new
